grid_id,longitude,latitude,corrected_aet_records,minimum_raw_aet_mm,mean_raw_aet_mm
SL_9.7500_79.9500,79.94999999999999,9.75,0,17.228497,81.68686680555555
SL_9.7500_80.0500,80.05000000000001,9.75,0,0.949206,73.9108210775
SL_9.7500_80.1500,80.15000000000003,9.75,0,2.0646076,69.20212103027778
SL_9.7500_80.2500,80.25,9.75,0,0.62273985,66.58017474086111
SL_9.6500_80.0500,80.05000000000001,9.649999999999991,0,1.1271596,75.63121899527778
SL_9.6500_80.1500,80.15000000000003,9.649999999999991,0,0.46805134,72.29861291444445
SL_9.6500_80.2500,80.25,9.649999999999991,0,0.56994414,68.65977699988889
SL_9.6500_80.3500,80.35000000000002,9.649999999999991,0,0.2889247,67.03560787602777
SL_9.5500_80.4500,80.44999999999999,9.549999999999995,0,0.12586075,66.97497460416668
SL_9.4500_80.2500,80.25,9.449999999999989,0,6.8878345,78.40146858611111
SL_9.4500_80.3500,80.35000000000002,9.449999999999989,0,0.7010652,69.25405464138889
SL_9.4500_80.4500,80.44999999999999,9.449999999999989,0,0.23383965,69.21917141666667
SL_9.4500_80.5500,80.55000000000001,9.449999999999989,0,0.08765667,69.29021872091667
SL_9.3500_80.1500,80.15000000000003,9.349999999999994,0,7.0394673,84.62329379944444
SL_9.3500_80.2500,80.25,9.349999999999994,0,7.448829,83.60224838472223
SL_9.3500_80.3500,80.35000000000002,9.349999999999994,0,7.869121,82.11874055555555
SL_9.3500_80.4500,80.44999999999999,9.349999999999994,0,0.3331011,75.83057862930556
SL_9.3500_80.5500,80.55000000000001,9.349999999999994,0,8.179235,83.72055821944444
SL_9.3500_80.6500,80.65000000000003,9.349999999999994,0,8.213689,83.86029735694444
SL_9.2500_80.1500,80.15000000000003,9.25,0,7.360244,87.2359581263889
SL_9.2500_80.2500,80.25,9.25,0,8.272564,89.05619017083333
SL_9.2500_80.3500,80.35000000000002,9.25,0,9.982097,88.73919425555556
SL_9.2500_80.4500,80.44999999999999,9.25,0,12.268321,90.57521662222221
SL_9.2500_80.5500,80.55000000000001,9.25,0,16.51322,92.45075813333332
SL_9.2500_80.6500,80.65000000000003,9.25,0,17.43213,94.34565641944444
SL_9.2500_80.7500,80.75,9.25,0,19.06688,97.8417799861111
SL_9.1500_80.1500,80.15000000000003,9.149999999999991,0,11.873327,89.68702520555556
SL_9.1500_80.2500,80.25,9.149999999999991,0,14.305425,93.63318858611112
SL_9.1500_80.3500,80.35000000000002,9.149999999999991,0,15.409606,95.32283545277777
SL_9.1500_80.4500,80.44999999999999,9.149999999999991,0,18.032553,97.1636049861111
SL_9.1500_80.5500,80.55000000000001,9.149999999999991,0,19.662222,99.28794816388888
SL_9.1500_80.6500,80.65000000000003,9.149999999999991,0,21.475815,100.78894726666667
SL_9.1500_80.7500,80.75,9.149999999999991,0,21.048979,101.72001080555555
SL_9.1500_80.8500,80.85000000000002,9.149999999999991,0,13.647285,92.71093942222222
SL_9.0500_79.8500,79.85000000000002,9.049999999999995,0,1.0560737,71.56534388805555
SL_9.0500_80.1500,80.15000000000003,9.049999999999995,0,12.761983,92.77521083055557
SL_9.0500_80.2500,80.25,9.049999999999995,0,14.757452,97.65285820277778
SL_9.0500_80.3500,80.35000000000002,9.049999999999995,0,16.815752,99.25068333611111
SL_9.0500_80.4500,80.44999999999999,9.049999999999995,0,21.134466,100.76471205
SL_9.0500_80.5500,80.55000000000001,9.049999999999995,0,24.807627,102.38067888888888
SL_9.0500_80.6500,80.65000000000003,9.049999999999995,0,21.715513,102.63899264722222
SL_9.0500_80.7500,80.75,9.049999999999995,0,20.772114,100.11219609722221
SL_9.0500_80.8500,80.85000000000002,9.049999999999995,0,17.87801,93.59660873611111
SL_8.9500_80.0500,80.05000000000001,8.949999999999989,0,8.808507,86.41099886805556
SL_8.9500_80.1500,80.15000000000003,8.949999999999989,0,15.137689,95.8305737138889
SL_8.9500_80.2500,80.25,8.949999999999989,0,15.625474,99.29337356111111
SL_8.9500_80.3500,80.35000000000002,8.949999999999989,0,14.4404545,99.89545955694445
SL_8.9500_80.4500,80.44999999999999,8.949999999999989,0,18.997719,101.09303021666666
SL_8.9500_80.5500,80.55000000000001,8.949999999999989,0,22.974522,102.76602495833335
SL_8.9500_80.6500,80.65000000000003,8.949999999999989,0,18.566196,102.62021557777777
SL_8.9500_80.7500,80.75,8.949999999999989,0,18.504368,99.14664506388888
SL_8.9500_80.8500,80.85000000000002,8.949999999999989,0,12.923671,92.84679970555555
SL_8.9500_80.9500,80.94999999999999,8.949999999999989,0,8.468591,85.69046755000001
SL_8.8500_79.9500,79.94999999999999,8.849999999999994,0,0.47064936,77.21891344747222
SL_8.8500_80.0500,80.05000000000001,8.849999999999994,0,7.6999016,88.15029036555556
SL_8.8500_80.1500,80.15000000000003,8.849999999999994,0,13.133035,96.21392384444444
SL_8.8500_80.2500,80.25,8.849999999999994,0,14.7442875,98.85458655138888
SL_8.8500_80.3500,80.35000000000002,8.849999999999994,0,15.151104,99.52900285833334
SL_8.8500_80.4500,80.44999999999999,8.849999999999994,0,17.509993,99.93645845277777
SL_8.8500_80.5500,80.55000000000001,8.849999999999994,0,21.389603,102.42481680555557
SL_8.8500_80.6500,80.65000000000003,8.849999999999994,0,20.66205,103.0235365138889
SL_8.8500_80.7500,80.75,8.849999999999994,0,19.76629,100.90100016388888
SL_8.8500_80.8500,80.85000000000002,8.849999999999994,0,14.745435,97.00342093611111
SL_8.8500_80.9500,80.94999999999999,8.849999999999994,0,10.751218,91.04760551944445
SL_8.8500_81.0500,81.05000000000001,8.849999999999994,0,8.434886,84.71494407222222
SL_8.7500_79.9500,79.94999999999999,8.75,0,0.4329305,77.55390269555555
SL_8.7500_80.0500,80.05000000000001,8.75,0,8.479848,89.80606120833333
SL_8.7500_80.1500,80.15000000000003,8.75,0,11.863074,96.2195965
SL_8.7500_80.2500,80.25,8.75,0,15.162561,98.49114351944445
SL_8.7500_80.3500,80.35000000000002,8.75,0,16.614204,99.50967088611111
SL_8.7500_80.4500,80.44999999999999,8.75,0,7.5646973,95.57572789527777
SL_8.7500_80.5500,80.55000000000001,8.75,0,21.877205,103.78089133055556
SL_8.7500_80.6500,80.65000000000003,8.75,0,21.792582,104.61570789444445
SL_8.7500_80.7500,80.75,8.75,0,20.98402,104.51632130277778
SL_8.7500_80.8500,80.85000000000002,8.75,0,19.411118,101.36920160555556
SL_8.7500_80.9500,80.94999999999999,8.75,0,18.982319,100.4453354861111
SL_8.7500_81.0500,81.05000000000001,8.75,0,13.825351,93.07285446944445
SL_8.6500_79.9500,79.94999999999999,8.649999999999991,0,6.4723845,82.52952805416666
SL_8.6500_80.0500,80.05000000000001,8.649999999999991,0,9.081168,91.38657229722222
SL_8.6500_80.1500,80.15000000000003,8.649999999999991,0,12.606228,95.80980544444445
SL_8.6500_80.2500,80.25,8.649999999999991,0,15.398314,97.93267892222221
SL_8.6500_80.3500,80.35000000000002,8.649999999999991,0,17.967035,98.58747961111112
SL_8.6500_80.4500,80.44999999999999,8.649999999999991,0,21.344015,101.99456395833333
SL_8.6500_80.5500,80.55000000000001,8.649999999999991,0,21.930178,103.95269484166667
SL_8.6500_80.6500,80.65000000000003,8.649999999999991,0,25.279688,105.49982142222221
SL_8.6500_80.7500,80.75,8.649999999999991,0,25.244022,106.4487547638889
SL_8.6500_80.8500,80.85000000000002,8.649999999999991,0,21.31329,104.76085491666666
SL_8.6500_80.9500,80.94999999999999,8.649999999999991,0,20.589256,103.88767445555555
SL_8.6500_81.0500,81.05000000000001,8.649999999999991,0,19.677607,99.72271393611112
SL_8.6500_81.1500,81.15000000000003,8.649999999999991,0,13.669666,93.44664654166667
SL_8.5500_79.9500,79.94999999999999,8.549999999999997,0,8.259107,84.69678879722223
SL_8.5500_80.0500,80.05000000000001,8.549999999999997,0,9.401253,90.2355423861111
SL_8.5500_80.1500,80.15000000000003,8.549999999999997,0,12.050506,93.7666471361111
SL_8.5500_80.2500,80.25,8.549999999999997,0,13.217975,94.2438851361111
SL_8.5500_80.3500,80.35000000000002,8.549999999999997,0,14.413595,95.75578241666666
SL_8.5500_80.4500,80.44999999999999,8.549999999999997,0,15.471081,98.52539455555555
SL_8.5500_80.5500,80.55000000000001,8.549999999999997,0,19.745062,102.28636229722223
SL_8.5500_80.6500,80.65000000000003,8.549999999999997,0,26.850937,105.57639188055556
SL_8.5500_80.7500,80.75,8.549999999999997,0,26.159584,107.20567183888889
SL_8.5500_80.8500,80.85000000000002,8.549999999999997,0,26.594353,106.16583154166666
SL_8.5500_80.9500,80.94999999999999,8.549999999999997,0,30.887457,109.60815162222222
SL_8.5500_81.0500,81.05000000000001,8.549999999999997,0,33.820053,109.92217978611112
SL_8.5500_81.1500,81.15000000000003,8.549999999999997,0,25.996895,104.10378158055555
SL_8.4500_79.9500,79.94999999999999,8.449999999999989,0,11.959459,88.43077558333333
SL_8.4500_80.0500,80.05000000000001,8.449999999999989,0,12.40483,92.02379573333334
SL_8.4500_80.1500,80.15000000000003,8.449999999999989,0,15.049264,93.99502850833333
SL_8.4500_80.2500,80.25,8.449999999999989,0,15.196867,91.97500308333332
SL_8.4500_80.3500,80.35000000000002,8.449999999999989,0,15.703734,92.03707894444445
SL_8.4500_80.4500,80.44999999999999,8.449999999999989,0,18.410221,94.88458470555555
SL_8.4500_80.5500,80.55000000000001,8.449999999999989,0,3.032417,96.03884665833333
SL_8.4500_80.6500,80.65000000000003,8.449999999999989,0,25.05838,104.25024427222222
SL_8.4500_80.7500,80.75,8.449999999999989,0,27.04115,108.92391368055556
SL_8.4500_80.8500,80.85000000000002,8.449999999999989,0,30.162527,110.66057343888889
SL_8.4500_80.9500,80.94999999999999,8.449999999999989,0,29.335321,107.80107265555556
SL_8.4500_81.0500,81.05000000000001,8.449999999999989,0,31.565596,107.91282238333334
SL_8.4500_81.1500,81.15000000000003,8.449999999999989,0,11.092227,97.52139369166667
SL_8.4500_81.2500,81.25,8.449999999999989,0,8.822287,94.28842906944445
SL_8.4500_81.3500,81.35000000000002,8.449999999999989,0,14.0450535,90.02525627083334
SL_8.3500_79.8500,79.85000000000002,8.349999999999994,0,12.990731,83.37428940833334
SL_8.3500_79.9500,79.94999999999999,8.349999999999994,0,13.4837265,90.37865625833334
SL_8.3500_80.0500,80.05000000000001,8.349999999999994,0,13.918531,92.56709231388888
SL_8.3500_80.1500,80.15000000000003,8.349999999999994,0,15.280445,93.64441818333333
SL_8.3500_80.2500,80.25,8.349999999999994,0,15.354353,91.9083412611111
SL_8.3500_80.3500,80.35000000000002,8.349999999999994,0,15.434236,89.81468105833333
SL_8.3500_80.4500,80.44999999999999,8.349999999999994,0,12.240886,89.17420709722222
SL_8.3500_80.5500,80.55000000000001,8.349999999999994,0,7.0232015,97.09610827638889
SL_8.3500_80.6500,80.65000000000003,8.349999999999994,0,8.137135,100.75703499444444
SL_8.3500_80.7500,80.75,8.349999999999994,0,8.274316,107.32020072777777
SL_8.3500_80.8500,80.85000000000002,8.349999999999994,0,32.90364,114.44812848611112
SL_8.3500_80.9500,80.94999999999999,8.349999999999994,0,25.530766,108.8904082
SL_8.3500_81.0500,81.05000000000001,8.349999999999994,0,9.413868,101.23165329166667
SL_8.3500_81.1500,81.15000000000003,8.349999999999994,0,26.276457,105.45803514444445
SL_8.3500_81.2500,81.25,8.349999999999994,0,19.118269,99.88726704722222
SL_8.3500_81.3500,81.35000000000002,8.349999999999994,0,14.95904,91.2309520125
SL_8.2500_79.8500,79.85000000000002,8.25,0,13.1382885,84.26286118472223
SL_8.2500_79.9500,79.94999999999999,8.25,0,16.310734,91.68663924166667
SL_8.2500_80.0500,80.05000000000001,8.25,0,14.666724,92.83957661944443
SL_8.2500_80.1500,80.15000000000003,8.25,0,15.053369,89.45573255277779
SL_8.2500_80.2500,80.25,8.25,0,6.0689645,88.23361535277778
SL_8.2500_80.3500,80.35000000000002,8.25,0,10.008267,87.00784681111112
SL_8.2500_80.4500,80.44999999999999,8.25,0,9.599373,92.68420314166667
SL_8.2500_80.5500,80.55000000000001,8.25,0,24.165054,101.49503840555555
SL_8.2500_80.6500,80.65000000000003,8.25,0,9.803747,99.06567998055556
SL_8.2500_80.7500,80.75,8.25,0,11.567898,106.91193551944444
SL_8.2500_80.8500,80.85000000000002,8.25,0,34.134884,113.7642019638889
SL_8.2500_80.9500,80.94999999999999,8.25,0,32.039806,112.99249776388889
SL_8.2500_81.0500,81.05000000000001,8.25,0,31.724703,110.01604124722222
SL_8.2500_81.1500,81.15000000000003,8.25,0,33.103607,108.05600148611111
SL_8.2500_81.2500,81.25,8.25,0,24.121319,103.77204911111112
SL_8.2500_81.3500,81.35000000000002,8.25,0,17.332943,93.74368014444444
SL_8.1500_79.8500,79.85000000000002,8.149999999999991,0,14.799096,85.21954928055555
SL_8.1500_79.9500,79.94999999999999,8.149999999999991,0,17.46881,93.88305065833333
SL_8.1500_80.0500,80.05000000000001,8.149999999999991,0,16.25554,94.312535725
SL_8.1500_80.1500,80.15000000000003,8.149999999999991,0,11.30306,93.42178779444446
SL_8.1500_80.2500,80.25,8.149999999999991,0,9.287338,92.71622645138889
SL_8.1500_80.3500,80.35000000000002,8.149999999999991,0,8.861151,91.40016437777778
SL_8.1500_80.4500,80.44999999999999,8.149999999999991,0,17.861685,96.81629584722222
SL_8.1500_80.5500,80.55000000000001,8.149999999999991,0,22.106482,100.69966004444444
SL_8.1500_80.6500,80.65000000000003,8.149999999999991,0,10.999894,100.48971360277778
SL_8.1500_80.7500,80.75,8.149999999999991,0,16.879196,107.0042373861111
SL_8.1500_80.8500,80.85000000000002,8.149999999999991,0,33.893402,111.26624308333334
SL_8.1500_80.9500,80.94999999999999,8.149999999999991,0,12.821437,105.78435928055555
SL_8.1500_81.0500,81.05000000000001,8.149999999999991,0,15.545291,105.1789623611111
SL_8.1500_81.1500,81.15000000000003,8.149999999999991,0,34.065804,109.16681353888889
SL_8.1500_81.2500,81.25,8.149999999999991,0,27.708435,105.24638118333333
SL_8.1500_81.3500,81.35000000000002,8.149999999999991,0,19.87731,95.82654595555556
SL_8.0500_79.8500,79.85000000000002,8.049999999999997,0,16.469757,86.56310390277778
SL_8.0500_79.9500,79.94999999999999,8.049999999999997,0,18.357056,94.65769409722222
SL_8.0500_80.0500,80.05000000000001,8.049999999999997,0,17.793615,97.86040122222222
SL_8.0500_80.1500,80.15000000000003,8.049999999999997,0,17.664614,99.84391530833334
SL_8.0500_80.2500,80.25,8.049999999999997,0,11.035513,94.34410402222223
SL_8.0500_80.3500,80.35000000000002,8.049999999999997,0,9.735424,94.60801831111112
SL_8.0500_80.4500,80.44999999999999,8.049999999999997,0,9.402015,95.25736842777778
SL_8.0500_80.5500,80.55000000000001,8.049999999999997,0,22.557777,102.17305752777779
SL_8.0500_80.6500,80.65000000000003,8.049999999999997,0,15.236111,102.54723330555555
SL_8.0500_80.7500,80.75,8.049999999999997,0,17.960104,105.8865980111111
SL_8.0500_80.8500,80.85000000000002,8.049999999999997,0,30.073002,106.00892449166666
SL_8.0500_80.9500,80.94999999999999,8.049999999999997,0,9.40021,101.89062227777778
SL_8.0500_81.0500,81.05000000000001,8.049999999999997,0,13.732503,103.96818551944445
SL_8.0500_81.1500,81.15000000000003,8.049999999999997,0,30.718374,108.62348879444446
SL_8.0500_81.2500,81.25,8.049999999999997,0,31.47079,105.58021057222221
SL_8.0500_81.3500,81.35000000000002,8.049999999999997,0,20.281351,95.9968911888889
SL_8.0500_81.4500,81.44999999999999,8.049999999999997,0,5.7728925,80.84998432694445
SL_7.9500_79.8500,79.85000000000002,7.949999999999989,0,18.025751,89.55382986944444
SL_7.9500_79.9500,79.94999999999999,7.949999999999989,0,15.88947,93.303792925
SL_7.9500_80.0500,80.05000000000001,7.949999999999989,0,12.523341,96.95753256944445
SL_7.9500_80.1500,80.15000000000003,7.949999999999989,0,12.017064,99.7865942
SL_7.9500_80.2500,80.25,7.949999999999989,0,11.644823,99.03009677222222
SL_7.9500_80.3500,80.35000000000002,7.949999999999989,0,18.862715,104.13669128055555
SL_7.9500_80.4500,80.44999999999999,7.949999999999989,0,20.908224,108.02358035833333
SL_7.9500_80.5500,80.55000000000001,7.949999999999989,0,13.720411,106.74331872500001
SL_7.9500_80.6500,80.65000000000003,7.949999999999989,0,20.02736,106.10705503611112
SL_7.9500_80.7500,80.75,7.949999999999989,0,37.43389,112.23945435277777
SL_7.9500_80.8500,80.85000000000002,7.949999999999989,0,33.693295,109.3510483
SL_7.9500_80.9500,80.94999999999999,7.949999999999989,0,34.307526,107.88203294166668
SL_7.9500_81.0500,81.05000000000001,7.949999999999989,0,18.101871,104.89488098888889
SL_7.9500_81.1500,81.15000000000003,7.949999999999989,0,13.809165,103.7465138888889
SL_7.9500_81.2500,81.25,7.949999999999989,0,12.848043,99.16819723055556
SL_7.9500_81.3500,81.35000000000002,7.949999999999989,0,5.0525556,90.03275836972222
SL_7.9500_81.4500,81.44999999999999,7.949999999999989,0,1.2682469,84.45418221833333
SL_7.8500_79.8500,79.85000000000002,7.849999999999994,0,9.952073,89.02883527777779
SL_7.8500_79.9500,79.94999999999999,7.849999999999994,0,9.526694,91.65340294166666
SL_7.8500_80.0500,80.05000000000001,7.849999999999994,0,12.058461,98.95899156944444
SL_7.8500_80.1500,80.15000000000003,7.849999999999994,0,13.464667,101.2838604111111
SL_7.8500_80.2500,80.25,7.849999999999994,0,13.824176,95.32530882222221
SL_7.8500_80.3500,80.35000000000002,7.849999999999994,0,24.53985,104.65386910555556
SL_7.8500_80.4500,80.44999999999999,7.849999999999994,0,28.05415,110.48342775
SL_7.8500_80.5500,80.55000000000001,7.849999999999994,0,19.726675,109.57067814722221
SL_7.8500_80.6500,80.65000000000003,7.849999999999994,0,21.569056,106.70365962777778
SL_7.8500_80.7500,80.75,7.849999999999994,0,42.672245,114.85793369722222
SL_7.8500_80.8500,80.85000000000002,7.849999999999994,0,52.832584,119.44432919166668
SL_7.8500_80.9500,80.94999999999999,7.849999999999994,0,45.799503,115.93143323333334
SL_7.8500_81.0500,81.05000000000001,7.849999999999994,0,42.857414,115.40266529444445
SL_7.8500_81.1500,81.15000000000003,7.849999999999994,0,18.391518,108.17501899722222
SL_7.8500_81.2500,81.25,7.849999999999994,0,36.76645,110.30006488888888
SL_7.8500_81.3500,81.35000000000002,7.849999999999994,0,24.077137,101.74382620833335
SL_7.8500_81.4500,81.44999999999999,7.849999999999994,0,1.6768519,88.77583434333333
SL_7.8500_81.5500,81.55000000000001,7.849999999999994,0,0.9221978,81.73735832277778
SL_7.7500_79.8500,79.85000000000002,7.75,0,28.574305,103.42795273888888
SL_7.7500_79.9500,79.94999999999999,7.75,0,15.83971,107.948847175
SL_7.7500_80.0500,80.05000000000001,7.75,0,25.619148,103.73106146944444
SL_7.7500_80.1500,80.15000000000003,7.75,0,30.704546,107.59827544999999
SL_7.7500_80.2500,80.25,7.75,0,35.012592,109.29483516388888
SL_7.7500_80.3500,80.35000000000002,7.75,0,7.3184843,109.66587218694444
SL_7.7500_80.4500,80.44999999999999,7.75,0,19.683123,113.035238275
SL_7.7500_80.5500,80.55000000000001,7.75,0,26.940958,115.23015236111112
SL_7.7500_80.6500,80.65000000000003,7.75,0,45.691326,116.98044741666666
SL_7.7500_80.7500,80.75,7.75,0,43.826298,120.91268383611111
SL_7.7500_80.8500,80.85000000000002,7.75,0,49.189163,122.7272814611111
SL_7.7500_80.9500,80.94999999999999,7.75,0,49.427147,121.624906275
SL_7.7500_81.0500,81.05000000000001,7.75,0,31.176626,112.54809713888889
SL_7.7500_81.1500,81.15000000000003,7.75,0,21.38593,109.60406918333334
SL_7.7500_81.2500,81.25,7.75,0,16.199747,107.57692130555556
SL_7.7500_81.3500,81.35000000000002,7.75,0,12.699104,96.34036609722223
SL_7.7500_81.4500,81.44999999999999,7.75,0,5.7998004,93.14170997527776
SL_7.7500_81.5500,81.55000000000001,7.75,0,1.0925115,87.96944771277778
SL_7.7500_81.6500,81.65000000000003,7.75,0,1.2190027,88.45740764944445
SL_7.6500_79.8500,79.85000000000002,7.649999999999991,0,29.674246,102.41473907777777
SL_7.6500_79.9500,79.94999999999999,7.649999999999991,0,35.826035,113.51917423611111
SL_7.6500_80.0500,80.05000000000001,7.649999999999991,0,34.002617,113.45306527499999
SL_7.6500_80.1500,80.15000000000003,7.649999999999991,0,37.545,114.63867170833333
SL_7.6500_80.2500,80.25,7.649999999999991,0,36.178265,116.22783228888889
SL_7.6500_80.3500,80.35000000000002,7.649999999999991,0,35.69069,117.70641259722221
SL_7.6500_80.4500,80.44999999999999,7.649999999999991,0,41.15983,119.12008936111111
SL_7.6500_80.5500,80.55000000000001,7.649999999999991,0,42.54076,117.45936675833333
SL_7.6500_80.6500,80.65000000000003,7.649999999999991,0,44.60529,118.52867330555556
SL_7.6500_80.7500,80.75,7.649999999999991,0,51.40717,125.31446954166667
SL_7.6500_80.8500,80.85000000000002,7.649999999999991,0,49.78821,126.53639159166667
SL_7.6500_80.9500,80.94999999999999,7.649999999999991,0,45.75646,125.06364260277778
SL_7.6500_81.0500,81.05000000000001,7.649999999999991,0,31.71221,119.76863753611111
SL_7.6500_81.1500,81.15000000000003,7.649999999999991,0,25.00868,116.78137022222222
SL_7.6500_81.2500,81.25,7.649999999999991,0,23.356115,112.95628412222221
SL_7.6500_81.3500,81.35000000000002,7.649999999999991,0,16.993704,104.52842585277779
SL_7.6500_81.4500,81.44999999999999,7.649999999999991,0,14.127213,97.39530841666667
SL_7.6500_81.5500,81.55000000000001,7.649999999999991,0,5.488093,92.0058571013889
SL_7.6500_81.6500,81.65000000000003,7.649999999999991,0,1.7016668,89.87144929888889
SL_7.6500_81.7500,81.75,7.649999999999991,0,12.674245,73.72425815833334
SL_7.5500_79.8500,79.85000000000002,7.549999999999997,0,34.84953,108.64346516388889
SL_7.5500_79.9500,79.94999999999999,7.549999999999997,0,45.747726,117.36872006666665
SL_7.5500_80.0500,80.05000000000001,7.549999999999997,0,49.57305,121.21920111111112
SL_7.5500_80.1500,80.15000000000003,7.549999999999997,0,48.241932,122.05643635000001
SL_7.5500_80.2500,80.25,7.549999999999997,0,48.507137,121.75486043888888
SL_7.5500_80.3500,80.35000000000002,7.549999999999997,0,45.046825,122.16854453333335
SL_7.5500_80.4500,80.44999999999999,7.549999999999997,0,48.222195,122.948925325
SL_7.5500_80.5500,80.55000000000001,7.549999999999997,0,50.6595,122.32594389444445
SL_7.5500_80.6500,80.65000000000003,7.549999999999997,0,51.951057,122.3635770611111
SL_7.5500_80.7500,80.75,7.549999999999997,0,49.74909,118.04020055555554
SL_7.5500_80.8500,80.85000000000002,7.549999999999997,0,57.204624,127.67222072777778
SL_7.5500_80.9500,80.94999999999999,7.549999999999997,0,40.30673,125.44037195000001
SL_7.5500_81.0500,81.05000000000001,7.549999999999997,0,26.297903,122.21924556666666
SL_7.5500_81.1500,81.15000000000003,7.549999999999997,0,42.749844,122.86810451666666
SL_7.5500_81.2500,81.25,7.549999999999997,0,18.086926,116.72775828333332
SL_7.5500_81.3500,81.35000000000002,7.549999999999997,0,18.424429,107.66152699722223
SL_7.5500_81.4500,81.44999999999999,7.549999999999997,0,15.555284,102.41400244722223
SL_7.5500_81.5500,81.55000000000001,7.549999999999997,0,4.7900267,95.43419601027777
SL_7.5500_81.6500,81.65000000000003,7.549999999999997,0,3.6495333,86.74367044583333
SL_7.5500_81.7500,81.75,7.549999999999997,0,0.61951244,80.79480647011111
SL_7.4500_79.8500,79.85000000000002,7.449999999999989,0,41.620453,116.53147862777777
SL_7.4500_79.9500,79.94999999999999,7.449999999999989,0,50.987675,124.62242151944444
SL_7.4500_80.0500,80.05000000000001,7.449999999999989,0,56.06976,128.99743859444445
SL_7.4500_80.1500,80.15000000000003,7.449999999999989,0,55.548477,128.5971812472222
SL_7.4500_80.2500,80.25,7.449999999999989,0,57.852077,129.35075305833334
SL_7.4500_80.3500,80.35000000000002,7.449999999999989,0,62.85182,129.69074551388888
SL_7.4500_80.4500,80.44999999999999,7.449999999999989,0,64.2632,126.92954811944445
SL_7.4500_80.5500,80.55000000000001,7.449999999999989,0,59.436153,121.04104764166667
SL_7.4500_80.6500,80.65000000000003,7.449999999999989,0,70.98014,125.48985568055555
SL_7.4500_80.7500,80.75,7.449999999999989,0,64.94122,121.48605451944445
SL_7.4500_80.8500,80.85000000000002,7.449999999999989,0,63.048702,128.88870983055554
SL_7.4500_80.9500,80.94999999999999,7.449999999999989,0,34.346733,130.6626144861111
SL_7.4500_81.0500,81.05000000000001,7.449999999999989,0,32.440407,126.54267898611111
SL_7.4500_81.1500,81.15000000000003,7.449999999999989,0,48.70086,126.81180391944443
SL_7.4500_81.2500,81.25,7.449999999999989,0,48.151978,124.21801905277776
SL_7.4500_81.3500,81.35000000000002,7.449999999999989,0,18.86092,113.20912144722222
SL_7.4500_81.4500,81.44999999999999,7.449999999999989,0,40.77289,112.6827972388889
SL_7.4500_81.5500,81.55000000000001,7.449999999999989,0,11.515433,100.05505524722221
SL_7.4500_81.6500,81.65000000000003,7.449999999999989,0,7.6437125,90.10318634583334
SL_7.4500_81.7500,81.75,7.449999999999989,0,1.043527,83.90360117277778
SL_7.3500_79.8500,79.85000000000002,7.349999999999994,0,49.81182,120.31862235833333
SL_7.3500_79.9500,79.94999999999999,7.349999999999994,0,52.58512,127.87812046666667
SL_7.3500_80.0500,80.05000000000001,7.349999999999994,0,55.44473,131.41255262500002
SL_7.3500_80.1500,80.15000000000003,7.349999999999994,0,57.0768,131.5534990638889
SL_7.3500_80.2500,80.25,7.349999999999994,0,57.696278,131.34312683888888
SL_7.3500_80.3500,80.35000000000002,7.349999999999994,0,63.605602,131.29146798055555
SL_7.3500_80.4500,80.44999999999999,7.349999999999994,0,65.72395,127.29933622222221
SL_7.3500_80.5500,80.55000000000001,7.349999999999994,0,67.90589,123.60731976666666
SL_7.3500_80.6500,80.65000000000003,7.349999999999994,0,81.083755,130.33363988611111
SL_7.3500_80.7500,80.75,7.349999999999994,0,82.34231,130.36690172222222
SL_7.3500_80.8500,80.85000000000002,7.349999999999994,0,56.094944,125.02650515
SL_7.3500_80.9500,80.94999999999999,7.349999999999994,0,55.940205,128.01567665277778
SL_7.3500_81.0500,81.05000000000001,7.349999999999994,0,34.57238,127.66486554444444
SL_7.3500_81.1500,81.15000000000003,7.349999999999994,0,34.58776,124.66216178333333
SL_7.3500_81.2500,81.25,7.349999999999994,0,56.67835,124.28172776944444
SL_7.3500_81.3500,81.35000000000002,7.349999999999994,0,47.961132,119.17678348055557
SL_7.3500_81.4500,81.44999999999999,7.349999999999994,0,44.170166,115.89200790833333
SL_7.3500_81.5500,81.55000000000001,7.349999999999994,0,33.875755,108.45545862222222
SL_7.3500_81.6500,81.65000000000003,7.349999999999994,0,9.883247,93.95485445416666
SL_7.3500_81.7500,81.75,7.349999999999994,0,1.7530831,84.98420534861111
SL_7.3500_81.8500,81.85000000000002,7.349999999999994,0,0.8324451,79.25827185305555
SL_7.2500_79.8500,79.85000000000002,7.25,0,50.935658,123.19725674722223
SL_7.2500_79.9500,79.94999999999999,7.25,0,52.49921,132.10859379166666
SL_7.2500_80.0500,80.05000000000001,7.25,0,52.757664,134.83654895
SL_7.2500_80.1500,80.15000000000003,7.25,0,55.989075,137.00941750833334
SL_7.2500_80.2500,80.25,7.25,0,57.110924,135.53695681388888
SL_7.2500_80.3500,80.35000000000002,7.25,0,62.794724,132.65095909166666
SL_7.2500_80.4500,80.44999999999999,7.25,0,68.23435,129.73497163333332
SL_7.2500_80.5500,80.55000000000001,7.25,0,78.68712,125.42478038055556
SL_7.2500_80.6500,80.65000000000003,7.25,0,68.016525,116.36371841666666
SL_7.2500_80.7500,80.75,7.25,0,36.635788,133.70586361388888
SL_7.2500_80.8500,80.85000000000002,7.25,0,27.581459,136.86025335833332
SL_7.2500_80.9500,80.94999999999999,7.25,0,67.36623,127.82327521666666
SL_7.2500_81.0500,81.05000000000001,7.25,0,34.725964,126.60217480555556
SL_7.2500_81.1500,81.15000000000003,7.25,0,30.81528,123.65687966666667
SL_7.2500_81.2500,81.25,7.25,0,49.080036,122.92968928611111
SL_7.2500_81.3500,81.35000000000002,7.25,0,53.360466,119.78368841944445
SL_7.2500_81.4500,81.44999999999999,7.25,0,51.612114,120.2763016361111
SL_7.2500_81.5500,81.55000000000001,7.25,0,37.713318,113.10384735277779
SL_7.2500_81.6500,81.65000000000003,7.25,0,12.316436,99.94844304722223
SL_7.2500_81.7500,81.75,7.25,0,5.0963717,85.86917678361111
SL_7.2500_81.8500,81.85000000000002,7.25,0,1.1775954,77.65719884777778
SL_7.1500_79.8500,79.85000000000002,7.149999999999992,0,50.173275,124.74366103333332
SL_7.1500_79.9500,79.94999999999999,7.149999999999992,0,54.833344,135.09618446944444
SL_7.1500_80.0500,80.05000000000001,7.149999999999992,0,56.898205,139.522901075
SL_7.1500_80.1500,80.15000000000003,7.149999999999992,0,60.12006,139.88734993611112
SL_7.1500_80.2500,80.25,7.149999999999992,0,59.843723,138.09230805833334
SL_7.1500_80.3500,80.35000000000002,7.149999999999992,0,62.93215,132.68151973055555
SL_7.1500_80.4500,80.44999999999999,7.149999999999992,0,72.4278,127.23655027777778
SL_7.1500_80.5500,80.55000000000001,7.149999999999992,0,77.2072,124.05224659722222
SL_7.1500_80.6500,80.65000000000003,7.149999999999992,0,74.64428,115.81191493055556
SL_7.1500_80.7500,80.75,7.149999999999992,0,40.767925,120.075661375
SL_7.1500_80.8500,80.85000000000002,7.149999999999992,0,29.13532,134.41022557222223
SL_7.1500_80.9500,80.94999999999999,7.149999999999992,0,58.09105,123.2841562
SL_7.1500_81.0500,81.05000000000001,7.149999999999992,0,28.629232,122.88025644166666
SL_7.1500_81.1500,81.15000000000003,7.149999999999992,0,51.80804,120.10846994722223
SL_7.1500_81.2500,81.25,7.149999999999992,0,50.811268,119.11034697777777
SL_7.1500_81.3500,81.35000000000002,7.149999999999992,0,53.054054,119.66422141944444
SL_7.1500_81.4500,81.44999999999999,7.149999999999992,0,53.50686,123.06292277777777
SL_7.1500_81.5500,81.55000000000001,7.149999999999992,0,42.926865,114.31050497222222
SL_7.1500_81.6500,81.65000000000003,7.149999999999992,0,31.674343,105.13211822777778
SL_7.1500_81.7500,81.75,7.149999999999992,0,9.826519,90.05732579861112
SL_7.1500_81.8500,81.85000000000002,7.149999999999992,0,2.7157013,79.049139815
SL_7.0500_79.9500,79.94999999999999,7.049999999999997,0,57.257824,134.8507480861111
SL_7.0500_80.0500,80.05000000000001,7.049999999999997,0,59.187145,140.72314013333335
SL_7.0500_80.1500,80.15000000000003,7.049999999999997,0,63.249073,142.76891393611112
SL_7.0500_80.2500,80.25,7.049999999999997,0,71.206825,141.09824477777778
SL_7.0500_80.3500,80.35000000000002,7.049999999999997,0,67.94554,132.17228738333336
SL_7.0500_80.4500,80.44999999999999,7.049999999999997,0,72.375114,121.85403433333335
SL_7.0500_80.5500,80.55000000000001,7.049999999999997,0,67.24676,119.0741419138889
SL_7.0500_80.6500,80.65000000000003,7.049999999999997,0,66.18582,114.36090858333333
SL_7.0500_80.7500,80.75,7.049999999999997,0,65.75531,108.47988643611112
SL_7.0500_80.8500,80.85000000000002,7.049999999999997,0,56.403942,118.73246749722223
SL_7.0500_80.9500,80.94999999999999,7.049999999999997,0,70.513954,126.45597582777776
SL_7.0500_81.0500,81.05000000000001,7.049999999999997,0,67.12962,123.65553623333334
SL_7.0500_81.1500,81.15000000000003,7.049999999999997,0,61.00798,119.23318648333334
SL_7.0500_81.2500,81.25,7.049999999999997,0,36.571693,119.85688043333333
SL_7.0500_81.3500,81.35000000000002,7.049999999999997,0,51.270325,117.52806242222222
SL_7.0500_81.4500,81.44999999999999,7.049999999999997,0,41.825455,114.71829091944446
SL_7.0500_81.5500,81.55000000000001,7.049999999999997,0,35.027306,108.79038915833333
SL_7.0500_81.6500,81.65000000000003,7.049999999999997,0,31.534481,104.37088353333333
SL_7.0500_81.7500,81.75,7.049999999999997,0,22.432972,98.79038335833334
SL_7.0500_81.8500,81.85000000000002,7.049999999999997,0,2.3760114,79.93007693944445
SL_6.9500_79.9500,79.94999999999999,6.949999999999989,0,63.796486,139.9849465722222
SL_6.9500_80.0500,80.05000000000001,6.949999999999989,0,63.23918,144.42967375
SL_6.9500_80.1500,80.15000000000003,6.949999999999989,0,69.43109,145.25387721944443
SL_6.9500_80.2500,80.25,6.949999999999989,0,79.01654,142.9508644611111
SL_6.9500_80.3500,80.35000000000002,6.949999999999989,0,81.92626,135.96323661944444
SL_6.9500_80.4500,80.44999999999999,6.949999999999989,0,79.86053,128.59114070277778
SL_6.9500_80.5500,80.55000000000001,6.949999999999989,0,50.27143,117.65045162222222
SL_6.9500_80.6500,80.65000000000003,6.949999999999989,0,43.09074,115.08915816944446
SL_6.9500_80.7500,80.75,6.949999999999989,0,68.633545,104.98946179722223
SL_6.9500_80.8500,80.85000000000002,6.949999999999989,0,51.07117,115.61871033333333
SL_6.9500_80.9500,80.94999999999999,6.949999999999989,0,40.906986,121.16638073333333
SL_6.9500_81.0500,81.05000000000001,6.949999999999989,0,59.583145,117.709063075
SL_6.9500_81.1500,81.15000000000003,6.949999999999989,0,61.427124,119.57663637222223
SL_6.9500_81.2500,81.25,6.949999999999989,0,33.240177,120.48707384444444
SL_6.9500_81.3500,81.35000000000002,6.949999999999989,0,27.68171,113.21221693333332
SL_6.9500_81.4500,81.44999999999999,6.949999999999989,0,22.333559,108.48099338055555
SL_6.9500_81.5500,81.55000000000001,6.949999999999989,0,12.024389,100.30076067361111
SL_6.9500_81.6500,81.65000000000003,6.949999999999989,0,27.653711,100.27760314722222
SL_6.9500_81.7500,81.75,6.949999999999989,0,16.870546,93.67436130833333
SL_6.9500_81.8500,81.85000000000002,6.949999999999989,0,8.152356,84.3706209
SL_6.8500_79.9500,79.94999999999999,6.849999999999994,0,33.89888,142.6259230111111
SL_6.8500_80.0500,80.05000000000001,6.849999999999994,0,63.78979,144.0402755888889
SL_6.8500_80.1500,80.15000000000003,6.849999999999994,0,67.07251,144.10880879444446
SL_6.8500_80.2500,80.25,6.849999999999994,0,70.50769,143.7486633
SL_6.8500_80.3500,80.35000000000002,6.849999999999994,0,68.77816,136.90649985277778
SL_6.8500_80.4500,80.44999999999999,6.849999999999994,0,80.60746,120.8903322611111
SL_6.8500_80.5500,80.55000000000001,6.849999999999994,0,52.437862,118.48648717777778
SL_6.8500_80.6500,80.65000000000003,6.849999999999994,0,46.23395,116.10460251388889
SL_6.8500_80.7500,80.75,6.849999999999994,0,70.69066,108.4979619611111
SL_6.8500_80.8500,80.85000000000002,6.849999999999994,0,57.755867,109.195331
SL_6.8500_80.9500,80.94999999999999,6.849999999999994,0,43.31507,114.879633475
SL_6.8500_81.0500,81.05000000000001,6.849999999999994,0,43.58097,120.79478820277778
SL_6.8500_81.1500,81.15000000000003,6.849999999999994,0,54.792194,120.95794571388889
SL_6.8500_81.2500,81.25,6.849999999999994,0,32.64084,118.28169159722222
SL_6.8500_81.3500,81.35000000000002,6.849999999999994,0,21.483112,111.68864885833334
SL_6.8500_81.4500,81.44999999999999,6.849999999999994,0,17.832413,106.10408806666668
SL_6.8500_81.5500,81.55000000000001,6.849999999999994,0,5.9016805,98.59087084583334
SL_6.8500_81.6500,81.65000000000003,6.849999999999994,0,21.830065,97.56082704444444
SL_6.8500_81.7500,81.75,6.849999999999994,0,10.73771,90.00230660000001
SL_6.7500_79.9500,79.94999999999999,6.75,0,61.681484,142.78771307222223
SL_6.7500_80.0500,80.05000000000001,6.75,0,66.30315,145.16728719166667
SL_6.7500_80.1500,80.15000000000003,6.75,0,76.31436,144.60936750555555
SL_6.7500_80.2500,80.25,6.75,0,41.114616,147.55924563333335
SL_6.7500_80.3500,80.35000000000002,6.75,0,52.251656,145.90295955555555
SL_6.7500_80.4500,80.44999999999999,6.75,0,84.7591,133.12708692222222
SL_6.7500_80.5500,80.55000000000001,6.75,0,81.377335,118.46897813611112
SL_6.7500_80.6500,80.65000000000003,6.75,0,80.78081,117.30396622777776
SL_6.7500_80.7500,80.75,6.75,0,80.21855,116.87813356944443
SL_6.7500_80.8500,80.85000000000002,6.75,0,67.48391,120.72001333611111
SL_6.7500_80.9500,80.94999999999999,6.75,0,53.966324,115.87800831666665
SL_6.7500_81.0500,81.05000000000001,6.75,0,34.518436,118.47432737500002
SL_6.7500_81.1500,81.15000000000003,6.75,0,23.002735,115.7506044
SL_6.7500_81.2500,81.25,6.75,0,20.287157,112.28423492777777
SL_6.7500_81.3500,81.35000000000002,6.75,0,15.755339,107.096956025
SL_6.7500_81.4500,81.44999999999999,6.75,0,6.6429477,101.38791741027778
SL_6.7500_81.5500,81.55000000000001,6.75,0,4.8078475,96.36799785166667
SL_6.7500_81.6500,81.65000000000003,6.75,0,19.794325,95.43474733055555
SL_6.7500_81.7500,81.75,6.75,0,11.034601,88.6937379361111
SL_6.6500_79.9500,79.94999999999999,6.649999999999992,0,58.71031,145.07177029444443
SL_6.6500_80.0500,80.05000000000001,6.649999999999992,0,67.152504,147.34384355833333
SL_6.6500_80.1500,80.15000000000003,6.649999999999992,0,78.83026,142.9206796361111
SL_6.6500_80.2500,80.25,6.649999999999992,0,79.988884,142.0493343472222
SL_6.6500_80.3500,80.35000000000002,6.649999999999992,0,44.70531,146.39380149722223
SL_6.6500_80.4500,80.44999999999999,6.649999999999992,0,84.24561,140.82253815833334
SL_6.6500_80.5500,80.55000000000001,6.649999999999992,0,89.96751,134.03073199444447
SL_6.6500_80.6500,80.65000000000003,6.649999999999992,0,86.47205,128.47993679722222
SL_6.6500_80.7500,80.75,6.649999999999992,0,56.30786,132.86345048333334
SL_6.6500_80.8500,80.85000000000002,6.649999999999992,0,62.71974,126.11623741666666
SL_6.6500_80.9500,80.94999999999999,6.649999999999992,0,39.24019,123.34212729166667
SL_6.6500_81.0500,81.05000000000001,6.649999999999992,0,19.96374,116.00683973611112
SL_6.6500_81.1500,81.15000000000003,6.649999999999992,0,10.399187,109.29075535277778
SL_6.6500_81.2500,81.25,6.649999999999992,0,8.931414,105.7929015375
SL_6.6500_81.3500,81.35000000000002,6.649999999999992,0,28.731178,106.65340498333333
SL_6.6500_81.4500,81.44999999999999,6.649999999999992,0,23.588413,102.49349157777779
SL_6.6500_81.5500,81.55000000000001,6.649999999999992,0,17.81795,97.37096640555555
SL_6.6500_81.6500,81.65000000000003,6.649999999999992,0,13.024674,91.7874782611111
SL_6.6500_81.7500,81.75,6.649999999999992,0,8.3416815,85.99047036249999
SL_6.5500_80.0500,80.05000000000001,6.549999999999997,0,68.59053,145.99019571944444
SL_6.5500_80.1500,80.15000000000003,6.549999999999997,0,76.46354,144.88439683333334
SL_6.5500_80.2500,80.25,6.549999999999997,0,82.81911,144.08926387777777
SL_6.5500_80.3500,80.35000000000002,6.549999999999997,0,84.66173,139.5365589222222
SL_6.5500_80.4500,80.44999999999999,6.549999999999997,0,91.96258,139.7936212388889
SL_6.5500_80.5500,80.55000000000001,6.549999999999997,0,97.08153,138.64968339166666
SL_6.5500_80.6500,80.65000000000003,6.549999999999997,0,75.35736,133.13695629444445
SL_6.5500_80.7500,80.75,6.549999999999997,0,68.1236,131.01624506666667
SL_6.5500_80.8500,80.85000000000002,6.549999999999997,0,30.869226,125.09521767222222
SL_6.5500_80.9500,80.94999999999999,6.549999999999997,0,16.055384,112.08561199722222
SL_6.5500_81.0500,81.05000000000001,6.549999999999997,0,12.007564,109.33336958333334
SL_6.5500_81.1500,81.15000000000003,6.549999999999997,0,12.017655,105.41202532777778
SL_6.5500_81.2500,81.25,6.549999999999997,0,10.169046,103.17476402777778
SL_6.5500_81.3500,81.35000000000002,6.549999999999997,0,25.494976,103.51564685
SL_6.5500_81.4500,81.44999999999999,6.549999999999997,0,23.649784,100.160209875
SL_6.5500_81.5500,81.55000000000001,6.549999999999997,0,19.482204,95.06228471388889
SL_6.5500_81.6500,81.65000000000003,6.549999999999997,0,14.831589,91.32213785833333
SL_6.4500_80.0500,80.05000000000001,6.449999999999989,0,72.961205,146.06729959999998
SL_6.4500_80.1500,80.15000000000003,6.449999999999989,0,80.27144,145.28395876666667
SL_6.4500_80.2500,80.25,6.449999999999989,0,86.053,143.87036940555555
SL_6.4500_80.3500,80.35000000000002,6.449999999999989,0,90.41417,139.43623187777777
SL_6.4500_80.4500,80.44999999999999,6.449999999999989,0,94.762634,135.85360294444445
SL_6.4500_80.5500,80.55000000000001,6.449999999999989,0,91.73974,131.34027391111113
SL_6.4500_80.6500,80.65000000000003,6.449999999999989,0,80.926315,132.56641700833333
SL_6.4500_80.7500,80.75,6.449999999999989,0,36.500614,129.19495908333334
SL_6.4500_80.8500,80.85000000000002,6.449999999999989,0,22.628883,117.74682937777777
SL_6.4500_80.9500,80.94999999999999,6.449999999999989,0,15.5331955,107.13117077083334
SL_6.4500_81.0500,81.05000000000001,6.449999999999989,0,16.095943,103.47450504999999
SL_6.4500_81.1500,81.15000000000003,6.449999999999989,0,11.594523,100.3406654611111
SL_6.4500_81.2500,81.25,6.449999999999989,0,8.021628,97.7042078638889
SL_6.4500_81.3500,81.35000000000002,6.449999999999989,0,19.905005,98.360814075
SL_6.4500_81.4500,81.44999999999999,6.449999999999989,0,19.69032,95.1340567
SL_6.4500_81.5500,81.55000000000001,6.449999999999989,0,13.161627,91.38003266111112
SL_6.4500_81.6500,81.65000000000003,6.449999999999989,0,12.048961,89.76689405
SL_6.3500_80.0500,80.05000000000001,6.349999999999994,0,72.119026,147.1029386111111
SL_6.3500_80.1500,80.15000000000003,6.349999999999994,0,79.695816,146.09773257777778
SL_6.3500_80.2500,80.25,6.349999999999994,0,86.33456,143.80001091944445
SL_6.3500_80.3500,80.35000000000002,6.349999999999994,0,92.30985,142.48597366388887
SL_6.3500_80.4500,80.44999999999999,6.349999999999994,0,92.899925,138.66236306944444
SL_6.3500_80.5500,80.55000000000001,6.349999999999994,0,91.83614,137.60025625833333
SL_6.3500_80.6500,80.65000000000003,6.349999999999994,0,77.68668,133.30523396666666
SL_6.3500_80.7500,80.75,6.349999999999994,0,52.87418,122.64552531944445
SL_6.3500_80.8500,80.85000000000002,6.349999999999994,0,19.868464,111.80046373055556
SL_6.3500_80.9500,80.94999999999999,6.349999999999994,0,19.081995,108.35836314444445
SL_6.3500_81.0500,81.05000000000001,6.349999999999994,0,12.817847,99.42510531388889
SL_6.3500_81.1500,81.15000000000003,6.349999999999994,0,13.424962,96.45164012222223
SL_6.3500_81.2500,81.25,6.349999999999994,0,11.690967,93.13727373055555
SL_6.3500_81.3500,81.35000000000002,6.349999999999994,0,10.394995,90.2758069638889
SL_6.3500_81.4500,81.44999999999999,6.349999999999994,0,10.31673,76.73615605138889
SL_6.2500_80.0500,80.05000000000001,6.25,0,71.195145,143.23337197777778
SL_6.2500_80.1500,80.15000000000003,6.25,0,77.06987,144.49326284166668
SL_6.2500_80.2500,80.25,6.25,0,84.11119,144.86630888333335
SL_6.2500_80.3500,80.35000000000002,6.25,0,83.58077,143.0903820416667
SL_6.2500_80.4500,80.44999999999999,6.25,0,93.25305,145.80832021944445
SL_6.2500_80.5500,80.55000000000001,6.25,0,93.526436,142.18435611666666
SL_6.2500_80.6500,80.65000000000003,6.25,0,74.16752,137.80992439444447
SL_6.2500_80.7500,80.75,6.25,0,53.38666,128.6627458638889
SL_6.2500_80.8500,80.85000000000002,6.25,0,24.113298,114.5139201111111
SL_6.2500_80.9500,80.94999999999999,6.25,0,21.386543,104.60767561666667
SL_6.2500_81.0500,81.05000000000001,6.25,0,17.65832,97.06129159722222
SL_6.2500_81.1500,81.15000000000003,6.25,0,12.185029,91.37165020833332
SL_6.2500_81.2500,81.25,6.25,0,9.026494,82.746862
SL_6.2500_81.3500,81.35000000000002,6.25,0,5.1110377,83.21245821611112
SL_6.1500_80.1500,80.15000000000003,6.149999999999992,0,78.81432,143.36272944722222
SL_6.1500_80.2500,80.25,6.149999999999992,0,80.718575,142.03492136388888
SL_6.1500_80.3500,80.35000000000002,6.149999999999992,0,80.594284,141.82754021944444
SL_6.1500_80.4500,80.44999999999999,6.149999999999992,0,83.797035,144.0171798138889
SL_6.1500_80.5500,80.55000000000001,6.149999999999992,0,82.89567,139.44545875
SL_6.1500_80.6500,80.65000000000003,6.149999999999992,0,60.79421,134.35449745555556
SL_6.1500_80.7500,80.75,6.149999999999992,0,44.777496,121.61666052222222
SL_6.1500_80.8500,80.85000000000002,6.149999999999992,0,12.14225,92.6809196611111
SL_6.1500_80.9500,80.94999999999999,6.149999999999992,0,15.323195,92.67569707777778
SL_6.1500_81.0500,81.05000000000001,6.149999999999992,0,10.081935,87.86507473333333
SL_6.1500_81.1500,81.15000000000003,6.149999999999992,0,10.447103,83.01771741388889
SL_6.0500_80.2500,80.25,6.049999999999997,0,70.436905,139.84903226666668
SL_6.0500_80.3500,80.35000000000002,6.049999999999997,0,68.55082,139.99155025
SL_6.0500_80.4500,80.44999999999999,6.049999999999997,0,70.583305,138.77958710000001
SL_6.0500_80.5500,80.55000000000001,6.049999999999997,0,72.84587,137.3554691611111
SL_6.0500_80.6500,80.65000000000003,6.049999999999997,0,71.52095,130.89270877500002
SL_6.0500_80.7500,80.75,6.049999999999997,0,56.299324,119.48126187222222
SL_6.0500_80.8500,80.85000000000002,6.049999999999997,0,23.600756,93.21487405277777
SL_5.9500_80.5500,80.55000000000001,5.949999999999989,0,65.50512,131.65435430833332
