alpha_policy,target,depth_label,selected_alpha,feature,feature_type,component,component_label,lag_months,standardized_coefficient,bootstrap_mean_coefficient,bootstrap_median_coefficient,bootstrap_q025_coefficient,bootstrap_q975_coefficient,probability_positive,probability_negative,stable_positive_95,stable_negative_95,absolute_standardized_coefficient
minimum_geographic_cv_rmse,SM_0_10cm_mm,0–10 cm,10.0,K4_C1_L0_mm,precipitation_component,C1,January eastern,0.0,0.14171876516589293,0.14464523098021745,0.1455584540963173,0.09568228535354138,0.19069296605885028,1.0,0.0,True,False,0.14171876516589293
minimum_geographic_cv_rmse,SM_0_10cm_mm,0–10 cm,10.0,K4_C1_L1_mm,precipitation_component,C1,January eastern,1.0,0.12940338982998173,0.13361316840723156,0.13109726458787918,0.08786218091845513,0.1923913687467575,1.0,0.0,True,False,0.12940338982998173
minimum_geographic_cv_rmse,SM_0_10cm_mm,0–10 cm,10.0,K4_C1_L2_mm,precipitation_component,C1,January eastern,2.0,0.046085216242356494,0.04787210852466524,0.04823845624923706,0.028880356019362806,0.06532863602042197,1.0,0.0,True,False,0.046085216242356494
minimum_geographic_cv_rmse,SM_0_10cm_mm,0–10 cm,10.0,K4_C1_L3_mm,precipitation_component,C1,January eastern,3.0,0.08387239416667223,0.08524225031659007,0.08403858542442322,0.038059528917074203,0.14229067228734485,1.0,0.0,True,False,0.08387239416667223
minimum_geographic_cv_rmse,SM_0_10cm_mm,0–10 cm,10.0,K4_C2_L0_mm,precipitation_component,C2,May–June southwest,0.0,0.3803833799488768,0.3758550212711096,0.3767080157995224,0.3049087546765804,0.4414776764810084,1.0,0.0,True,False,0.3803833799488768
minimum_geographic_cv_rmse,SM_0_10cm_mm,0–10 cm,10.0,K4_C2_L1_mm,precipitation_component,C2,May–June southwest,1.0,0.056868554932427616,0.057897507117781334,0.056475553661584854,0.007146256638225169,0.113027760758996,0.9892,0.0108,True,False,0.056868554932427616
minimum_geographic_cv_rmse,SM_0_10cm_mm,0–10 cm,10.0,K4_C2_L2_mm,precipitation_component,C2,May–June southwest,2.0,0.08815726672603275,0.08581042396444827,0.08559494093060493,0.04392892606556416,0.12710237540304659,1.0,0.0,True,False,0.08815726672603275
minimum_geographic_cv_rmse,SM_0_10cm_mm,0–10 cm,10.0,K4_C2_L3_mm,precipitation_component,C2,May–June southwest,3.0,0.14738604506940212,0.14648947515450417,0.14639084041118622,0.08672611061483622,0.20680529028177255,1.0,0.0,True,False,0.14738604506940212
minimum_geographic_cv_rmse,SM_0_10cm_mm,0–10 cm,10.0,K4_C3_L0_mm,precipitation_component,C3,April–October,0.0,0.22705827300601467,0.22760797275006772,0.2271718755364418,0.1824666503816843,0.27563313245773313,1.0,0.0,True,False,0.22705827300601467
minimum_geographic_cv_rmse,SM_0_10cm_mm,0–10 cm,10.0,K4_C3_L1_mm,precipitation_component,C3,April–October,1.0,0.08772018065828642,0.09020500623304396,0.08931610733270645,0.04540661722421646,0.137999764457345,1.0,0.0,True,False,0.08772018065828642
minimum_geographic_cv_rmse,SM_0_10cm_mm,0–10 cm,10.0,K4_C3_L2_mm,precipitation_component,C3,April–October,2.0,0.05349876399336618,0.05325753036573296,0.05317487567663193,0.024895754363387822,0.08136870022863146,0.9998,0.0002,True,False,0.05349876399336618
minimum_geographic_cv_rmse,SM_0_10cm_mm,0–10 cm,10.0,K4_C3_L3_mm,precipitation_component,C3,April–October,3.0,0.06835379391768616,0.06727726612635015,0.0678151398897171,0.014993704506196083,0.11606097891926759,0.9924,0.0076,True,False,0.06835379391768616
minimum_geographic_cv_rmse,SM_0_10cm_mm,0–10 cm,10.0,K4_C4_L0_mm,precipitation_component,C4,November northern,0.0,0.34675846190204934,0.34512982749938964,0.3441895395517349,0.25847333371639253,0.43075578361749645,1.0,0.0,True,False,0.34675846190204934
minimum_geographic_cv_rmse,SM_0_10cm_mm,0–10 cm,10.0,K4_C4_L1_mm,precipitation_component,C4,November northern,1.0,0.184568893334727,0.18291754361689092,0.18391764909029007,0.14796252064406873,0.21144036389887333,1.0,0.0,True,False,0.184568893334727
minimum_geographic_cv_rmse,SM_0_10cm_mm,0–10 cm,10.0,K4_C4_L2_mm,precipitation_component,C4,November northern,2.0,0.06776355661309055,0.06730988233634562,0.06772677972912788,0.022843186836689712,0.10999526344239711,0.9966,0.0034,True,False,0.06776355661309055
minimum_geographic_cv_rmse,SM_0_10cm_mm,0–10 cm,10.0,K4_C4_L3_mm,precipitation_component,C4,November northern,3.0,0.08001175701347965,0.07520430610729381,0.07492576539516449,0.030292155453935266,0.12035925872623919,0.9998,0.0002,True,False,0.08001175701347965
minimum_geographic_cv_rmse,SM_0_10cm_mm,0–10 cm,10.0,PET_mm,atmospheric,,,,-0.17728602724748369,-0.17348084033755584,-0.17696332186460495,-0.3026287376880646,-0.0348483756184578,0.0066,0.9934,False,True,0.17728602724748369
minimum_geographic_cv_rmse,SM_0_10cm_mm,0–10 cm,10.0,latitude,spatial,,,,-0.0338419977590662,-0.031063197841616874,-0.03739656135439873,-0.1650618717074394,0.13553932979702937,0.3132,0.6868,False,False,0.0338419977590662
minimum_geographic_cv_rmse,SM_0_10cm_mm,0–10 cm,10.0,longitude,spatial,,,,-0.1385082159690101,-0.1412366902959242,-0.14157752692699432,-0.2522382624447346,-0.02915074010379618,0.0088,0.9912,False,True,0.1385082159690101
minimum_geographic_cv_rmse,SM_10_40cm_mm,10–40 cm,10.0,K4_C1_L0_mm,precipitation_component,C1,January eastern,0.0,0.12860412853414321,0.13197555896155536,0.13199950009584427,0.0720381686463952,0.19164402335882186,0.9998,0.0002,True,False,0.12860412853414321
minimum_geographic_cv_rmse,SM_10_40cm_mm,10–40 cm,10.0,K4_C1_L1_mm,precipitation_component,C1,January eastern,1.0,0.07746858104607615,0.08081896115615964,0.07879622280597687,0.04893370689824224,0.12303997147828338,1.0,0.0,True,False,0.07746858104607615
minimum_geographic_cv_rmse,SM_10_40cm_mm,10–40 cm,10.0,K4_C1_L2_mm,precipitation_component,C1,January eastern,2.0,0.07772989449716168,0.0800211176790297,0.07990892603993416,0.059660023730248216,0.10052641443908213,1.0,0.0,True,False,0.07772989449716168
minimum_geographic_cv_rmse,SM_10_40cm_mm,10–40 cm,10.0,K4_C1_L3_mm,precipitation_component,C1,January eastern,3.0,0.07357761853712136,0.07599861365333199,0.07473045960068703,0.03565080631524324,0.12471066322177647,1.0,0.0,True,False,0.07357761853712136
minimum_geographic_cv_rmse,SM_10_40cm_mm,10–40 cm,10.0,K4_C2_L0_mm,precipitation_component,C2,May–June southwest,0.0,0.32878806031066543,0.32433345628976823,0.32565055787563324,0.24044543653726577,0.40294186770915985,1.0,0.0,True,False,0.32878806031066543
minimum_geographic_cv_rmse,SM_10_40cm_mm,10–40 cm,10.0,K4_C2_L1_mm,precipitation_component,C2,May–June southwest,1.0,0.10833029614798377,0.11107935242950916,0.10991362109780312,0.061738824006170034,0.16580120660364625,1.0,0.0,True,False,0.10833029614798377
minimum_geographic_cv_rmse,SM_10_40cm_mm,10–40 cm,10.0,K4_C2_L2_mm,precipitation_component,C2,May–June southwest,2.0,0.08741318406777465,0.08577853322848678,0.085911113768816,0.04620235590264201,0.1253501854836941,1.0,0.0,True,False,0.08741318406777465
minimum_geographic_cv_rmse,SM_10_40cm_mm,10–40 cm,10.0,K4_C2_L3_mm,precipitation_component,C2,May–June southwest,3.0,0.12976794306062475,0.1286732253914699,0.12841329723596573,0.06509955357760192,0.19311117902398106,0.9998,0.0002,True,False,0.12976794306062475
minimum_geographic_cv_rmse,SM_10_40cm_mm,10–40 cm,10.0,K4_C3_L0_mm,precipitation_component,C3,April–October,0.0,0.169081586003005,0.16760179455280305,0.16777341067790985,0.11205939147621394,0.2217346310615539,1.0,0.0,True,False,0.169081586003005
minimum_geographic_cv_rmse,SM_10_40cm_mm,10–40 cm,10.0,K4_C3_L1_mm,precipitation_component,C3,April–October,1.0,0.1046680307936138,0.10700460780411959,0.10597007721662521,0.06203769659623504,0.16013360358774661,1.0,0.0,True,False,0.1046680307936138
minimum_geographic_cv_rmse,SM_10_40cm_mm,10–40 cm,10.0,K4_C3_L2_mm,precipitation_component,C3,April–October,2.0,0.05304257468330409,0.05412036786675453,0.053741319105029106,0.027732250234112143,0.08301580268889663,1.0,0.0,True,False,0.05304257468330409
minimum_geographic_cv_rmse,SM_10_40cm_mm,10–40 cm,10.0,K4_C3_L3_mm,precipitation_component,C3,April–October,3.0,0.07092359880373351,0.06978591595374892,0.07070543244481087,0.014832898927852512,0.1200992641970515,0.9928,0.0072,True,False,0.07092359880373351
minimum_geographic_cv_rmse,SM_10_40cm_mm,10–40 cm,10.0,K4_C4_L0_mm,precipitation_component,C4,November northern,0.0,0.25017265250190485,0.25099364184737205,0.25026935338974,0.16656812615692615,0.34133909866213796,1.0,0.0,True,False,0.25017265250190485
minimum_geographic_cv_rmse,SM_10_40cm_mm,10–40 cm,10.0,K4_C4_L1_mm,precipitation_component,C4,November northern,1.0,0.22112264010580046,0.21871124311834575,0.22004414349794388,0.1649893268942833,0.26750205010175704,1.0,0.0,True,False,0.22112264010580046
minimum_geographic_cv_rmse,SM_10_40cm_mm,10–40 cm,10.0,K4_C4_L2_mm,precipitation_component,C4,November northern,2.0,0.10710655547852947,0.10714006832586602,0.10707071796059608,0.06019000252708793,0.15134341903030873,0.9998,0.0002,True,False,0.10710655547852947
minimum_geographic_cv_rmse,SM_10_40cm_mm,10–40 cm,10.0,K4_C4_L3_mm,precipitation_component,C4,November northern,3.0,0.11526440501271436,0.11068739599399269,0.11058154702186584,0.057768638152629136,0.16301465220749373,1.0,0.0,True,False,0.11526440501271436
minimum_geographic_cv_rmse,SM_10_40cm_mm,10–40 cm,10.0,PET_mm,atmospheric,,,,-0.21260115767167928,-0.20851356968698093,-0.21105538308620453,-0.34203424751758577,-0.06419481504708531,0.0012,0.9988,False,True,0.21260115767167928
minimum_geographic_cv_rmse,SM_10_40cm_mm,10–40 cm,10.0,latitude,spatial,,,,-0.043988612235727184,-0.04156210928481887,-0.04791671223938465,-0.19536983966827393,0.1520387195050716,0.2928,0.7072,False,False,0.043988612235727184
minimum_geographic_cv_rmse,SM_10_40cm_mm,10–40 cm,10.0,longitude,spatial,,,,-0.17702852309783337,-0.1823762576720561,-0.18208309262990952,-0.32086607366800307,-0.04427689397707601,0.0044,0.9956,False,True,0.17702852309783337
minimum_geographic_cv_rmse,SM_40_100cm_mm,40–100 cm,10.0,K4_C1_L0_mm,precipitation_component,C1,January eastern,0.0,0.16492223973273132,0.16961884222626686,0.16783259063959122,0.1130156060680747,0.2354405641555786,1.0,0.0,True,False,0.16492223973273132
minimum_geographic_cv_rmse,SM_40_100cm_mm,40–100 cm,10.0,K4_C1_L1_mm,precipitation_component,C1,January eastern,1.0,0.07840394583039939,0.07977506849023047,0.07978003472089767,0.04231080217286944,0.11561148129403591,0.9996,0.0004,True,False,0.07840394583039939
minimum_geographic_cv_rmse,SM_40_100cm_mm,40–100 cm,10.0,K4_C1_L2_mm,precipitation_component,C1,January eastern,2.0,0.07523797027994437,0.07762407218515872,0.07667969912290573,0.057475881185382605,0.1024210704490542,1.0,0.0,True,False,0.07523797027994437
minimum_geographic_cv_rmse,SM_40_100cm_mm,40–100 cm,10.0,K4_C1_L3_mm,precipitation_component,C1,January eastern,3.0,0.11326915648100286,0.11634273545891047,0.1151098795235157,0.08428882136940956,0.15547030754387375,1.0,0.0,True,False,0.11326915648100286
minimum_geographic_cv_rmse,SM_40_100cm_mm,40–100 cm,10.0,K4_C2_L0_mm,precipitation_component,C2,May–June southwest,0.0,0.2534516991688366,0.24953394068926574,0.2502157986164093,0.15770405605435373,0.33445935249328607,1.0,0.0,True,False,0.2534516991688366
minimum_geographic_cv_rmse,SM_40_100cm_mm,40–100 cm,10.0,K4_C2_L1_mm,precipitation_component,C2,May–June southwest,1.0,0.19369731097504972,0.1955359997242689,0.1946135014295578,0.15095825381577016,0.24730352088809013,1.0,0.0,True,False,0.19369731097504972
minimum_geographic_cv_rmse,SM_40_100cm_mm,40–100 cm,10.0,K4_C2_L2_mm,precipitation_component,C2,May–June southwest,2.0,0.10706094112790558,0.10714236502945423,0.10720023512840271,0.0735602905973792,0.13975732252001757,1.0,0.0,True,False,0.10706094112790558
minimum_geographic_cv_rmse,SM_40_100cm_mm,40–100 cm,10.0,K4_C2_L3_mm,precipitation_component,C2,May–June southwest,3.0,0.16739504619244247,0.16683701395839454,0.1669239178299904,0.09501124005764723,0.2409661967307329,1.0,0.0,True,False,0.16739504619244247
minimum_geographic_cv_rmse,SM_40_100cm_mm,40–100 cm,10.0,K4_C3_L0_mm,precipitation_component,C3,April–October,0.0,0.11187026141862598,0.11033986892504617,0.11107916384935379,0.04289161683991551,0.1735085967928171,0.9988,0.0012,True,False,0.11187026141862598
minimum_geographic_cv_rmse,SM_40_100cm_mm,40–100 cm,10.0,K4_C3_L1_mm,precipitation_component,C3,April–October,1.0,0.13895643772583843,0.14028157095611096,0.13945941627025604,0.10556721519678831,0.17902228161692618,1.0,0.0,True,False,0.13895643772583843
minimum_geographic_cv_rmse,SM_40_100cm_mm,40–100 cm,10.0,K4_C3_L2_mm,precipitation_component,C3,April–October,2.0,0.04766833971503966,0.04918954643977922,0.048101477324962616,0.01659013135358691,0.08593368474394082,0.9986,0.0014,True,False,0.04766833971503966
minimum_geographic_cv_rmse,SM_40_100cm_mm,40–100 cm,10.0,K4_C3_L3_mm,precipitation_component,C3,April–October,3.0,0.07849190319798463,0.0780592001037905,0.07773570343852043,0.024850439978763465,0.1320836577564477,0.9984,0.0016,True,False,0.07849190319798463
minimum_geographic_cv_rmse,SM_40_100cm_mm,40–100 cm,10.0,K4_C4_L0_mm,precipitation_component,C4,November northern,0.0,0.1518149527091416,0.15453180436780675,0.15428516268730164,0.06653130203485488,0.24767328239977357,0.9998,0.0002,True,False,0.1518149527091416
minimum_geographic_cv_rmse,SM_40_100cm_mm,40–100 cm,10.0,K4_C4_L1_mm,precipitation_component,C4,November northern,1.0,0.27804943504105917,0.27461393382251265,0.27625247836112976,0.21656651943922042,0.3261969290673733,1.0,0.0,True,False,0.27804943504105917
minimum_geographic_cv_rmse,SM_40_100cm_mm,40–100 cm,10.0,K4_C4_L2_mm,precipitation_component,C4,November northern,2.0,0.1250301373687362,0.1260454024270177,0.12627363204956055,0.08206971008330584,0.1696826584637165,1.0,0.0,True,False,0.1250301373687362
minimum_geographic_cv_rmse,SM_40_100cm_mm,40–100 cm,10.0,K4_C4_L3_mm,precipitation_component,C4,November northern,3.0,0.1892496309690438,0.18543242252171038,0.1854855790734291,0.1317218743264675,0.2392587173730134,1.0,0.0,True,False,0.1892496309690438
minimum_geographic_cv_rmse,SM_40_100cm_mm,40–100 cm,10.0,PET_mm,atmospheric,,,,-0.14833583631923888,-0.14261096365062548,-0.1440337747335434,-0.2708642467856407,-0.002192143094726099,0.0232,0.9768,False,True,0.14833583631923888
minimum_geographic_cv_rmse,SM_40_100cm_mm,40–100 cm,10.0,latitude,spatial,,,,-0.04572123010754082,-0.04353273889058037,-0.052137088030576706,-0.21341246291995047,0.17482903562486143,0.3048,0.6952,False,False,0.04572123010754082
minimum_geographic_cv_rmse,SM_40_100cm_mm,40–100 cm,10.0,longitude,spatial,,,,-0.22763330929580086,-0.23193927560995797,-0.229257732629776,-0.3861114375293255,-0.08886261638253933,0.0004,0.9996,False,True,0.22763330929580086
minimum_geographic_cv_rmse,SM_100_200cm_mm,100–200 cm,30.0,K4_C1_L0_mm,precipitation_component,C1,January eastern,0.0,0.140313973146197,0.13270649279430508,0.13241152465343475,0.07764871921390296,0.18892605230212203,1.0,0.0,True,False,0.140313973146197
minimum_geographic_cv_rmse,SM_100_200cm_mm,100–200 cm,30.0,K4_C1_L1_mm,precipitation_component,C1,January eastern,1.0,0.1399468165435275,0.1354759528167546,0.13569603115320206,0.08574681989848613,0.18427231423556797,1.0,0.0,True,False,0.1399468165435275
minimum_geographic_cv_rmse,SM_100_200cm_mm,100–200 cm,30.0,K4_C1_L2_mm,precipitation_component,C1,January eastern,2.0,0.10057927520004575,0.09966527579128742,0.09884099289774895,0.0695182267576456,0.1332680273801088,1.0,0.0,True,False,0.10057927520004575
minimum_geographic_cv_rmse,SM_100_200cm_mm,100–200 cm,30.0,K4_C1_L3_mm,precipitation_component,C1,January eastern,3.0,0.1488357985254064,0.14156157020181417,0.1425652727484703,0.09164358209818602,0.18529046662151807,1.0,0.0,True,False,0.1488357985254064
minimum_geographic_cv_rmse,SM_100_200cm_mm,100–200 cm,30.0,K4_C2_L0_mm,precipitation_component,C2,May–June southwest,0.0,0.1465355399284565,0.142196982350669,0.14327247440814972,0.031145935924723745,0.24567137099802483,0.993,0.007,True,False,0.1465355399284565
minimum_geographic_cv_rmse,SM_100_200cm_mm,100–200 cm,30.0,K4_C2_L1_mm,precipitation_component,C2,May–June southwest,1.0,0.24591782888942554,0.2388143593966961,0.24040868878364563,0.1750554781407118,0.2954270884394646,1.0,0.0,True,False,0.24591782888942554
minimum_geographic_cv_rmse,SM_100_200cm_mm,100–200 cm,30.0,K4_C2_L2_mm,precipitation_component,C2,May–June southwest,2.0,0.1699312025934713,0.16813677223920823,0.16802313178777695,0.11395574882626533,0.2206070680171251,1.0,0.0,True,False,0.1699312025934713
minimum_geographic_cv_rmse,SM_100_200cm_mm,100–200 cm,30.0,K4_C2_L3_mm,precipitation_component,C2,May–June southwest,3.0,0.2179395382586672,0.21256907523050905,0.2130633294582367,0.12907650582492353,0.2932926699519156,1.0,0.0,True,False,0.2179395382586672
minimum_geographic_cv_rmse,SM_100_200cm_mm,100–200 cm,30.0,K4_C3_L0_mm,precipitation_component,C3,April–October,0.0,0.09252697557568478,0.09265093304693582,0.09267359972000122,0.023472044989466666,0.1591953206807374,0.995,0.005,True,False,0.09252697557568478
minimum_geographic_cv_rmse,SM_100_200cm_mm,100–200 cm,30.0,K4_C3_L1_mm,precipitation_component,C3,April–October,1.0,0.14093426923457733,0.14099256411641836,0.14133945852518082,0.10965993832796812,0.17199820354580878,1.0,0.0,True,False,0.14093426923457733
minimum_geographic_cv_rmse,SM_100_200cm_mm,100–200 cm,30.0,K4_C3_L2_mm,precipitation_component,C3,April–October,2.0,0.06251261621708956,0.06366785962954163,0.06406857073307037,0.032512756157666446,0.0921306638047099,1.0,0.0,True,False,0.06251261621708956
minimum_geographic_cv_rmse,SM_100_200cm_mm,100–200 cm,30.0,K4_C3_L3_mm,precipitation_component,C3,April–October,3.0,0.04670867350482063,0.045929377625692,0.0463690310716629,-0.0058677356457337735,0.09332666192203758,0.958,0.042,False,False,0.04670867350482063
minimum_geographic_cv_rmse,SM_100_200cm_mm,100–200 cm,30.0,K4_C4_L0_mm,precipitation_component,C4,November northern,0.0,0.06316727636436273,0.05804808672048239,0.058134157210588455,-0.05340890130028128,0.17118347138166404,0.8466,0.1534,False,False,0.06316727636436273
minimum_geographic_cv_rmse,SM_100_200cm_mm,100–200 cm,30.0,K4_C4_L1_mm,precipitation_component,C4,November northern,1.0,0.26309311727765605,0.26032232624292373,0.2609620988368988,0.18546194322407245,0.32861930727958677,1.0,0.0,True,False,0.26309311727765605
minimum_geographic_cv_rmse,SM_100_200cm_mm,100–200 cm,30.0,K4_C4_L2_mm,precipitation_component,C4,November northern,2.0,0.16571186044399758,0.16411257844939828,0.16518305242061615,0.104739810526371,0.21740670055150982,1.0,0.0,True,False,0.16571186044399758
minimum_geographic_cv_rmse,SM_100_200cm_mm,100–200 cm,30.0,K4_C4_L3_mm,precipitation_component,C4,November northern,3.0,0.14788081221719887,0.14789372717430815,0.14740285277366638,0.06153299007564783,0.23372553028166282,0.9996,0.0004,True,False,0.14788081221719887
minimum_geographic_cv_rmse,SM_100_200cm_mm,100–200 cm,30.0,PET_mm,atmospheric,,,,0.04579887793105545,0.036750531141341525,0.037747697904706,-0.13037432171404362,0.20229595638811573,0.6668,0.3332,False,False,0.04579887793105545
minimum_geographic_cv_rmse,SM_100_200cm_mm,100–200 cm,30.0,latitude,spatial,,,,-0.026720027440875732,-0.038807998293417224,-0.03975662402808666,-0.22984647154808044,0.16146125979721532,0.3526,0.6474,False,False,0.026720027440875732
minimum_geographic_cv_rmse,SM_100_200cm_mm,100–200 cm,30.0,longitude,spatial,,,,-0.16754669232695144,-0.155148617341027,-0.15202827751636505,-0.41567534655332566,0.08231380917131897,0.1146,0.8854,False,False,0.16754669232695144
one_standard_error,SM_0_10cm_mm,0–10 cm,100.0,K4_C1_L0_mm,precipitation_component,C1,January eastern,0.0,0.09373214315693731,0.09367411315068602,0.09396791085600853,0.06788776367902756,0.11749615930020808,1.0,0.0,True,False,0.09373214315693731
one_standard_error,SM_0_10cm_mm,0–10 cm,100.0,K4_C1_L1_mm,precipitation_component,C1,January eastern,1.0,0.08143813593995197,0.08144959031119943,0.08130690455436707,0.06297681853175163,0.10029940772801635,1.0,0.0,True,False,0.08143813593995197
one_standard_error,SM_0_10cm_mm,0–10 cm,100.0,K4_C1_L2_mm,precipitation_component,C1,January eastern,2.0,0.05664764529051554,0.056896954699978235,0.05679972469806671,0.04280395098030567,0.0717643143609166,1.0,0.0,True,False,0.05664764529051554
one_standard_error,SM_0_10cm_mm,0–10 cm,100.0,K4_C1_L3_mm,precipitation_component,C1,January eastern,3.0,0.03953089894535495,0.03957564957622672,0.039313746616244316,0.012761915777809918,0.06727501787245273,0.9988,0.0012,True,False,0.03953089894535495
one_standard_error,SM_0_10cm_mm,0–10 cm,100.0,K4_C2_L0_mm,precipitation_component,C2,May–June southwest,0.0,0.21600838699979508,0.2106604357764125,0.21139942854642868,0.1740453217178583,0.2416984464973211,1.0,0.0,True,False,0.21600838699979508
one_standard_error,SM_0_10cm_mm,0–10 cm,100.0,K4_C2_L1_mm,precipitation_component,C2,May–June southwest,1.0,0.10130234929131199,0.09910952918380499,0.09957209601998329,0.07868001107126474,0.11708476450294256,1.0,0.0,True,False,0.10130234929131199
one_standard_error,SM_0_10cm_mm,0–10 cm,100.0,K4_C2_L2_mm,precipitation_component,C2,May–June southwest,2.0,0.06776870448297373,0.06625574627146125,0.0668717473745346,0.04715659515932202,0.08254939466714856,1.0,0.0,True,False,0.06776870448297373
one_standard_error,SM_0_10cm_mm,0–10 cm,100.0,K4_C2_L3_mm,precipitation_component,C2,May–June southwest,3.0,0.11512174822295748,0.11283816265314818,0.11313165724277496,0.08356242813169956,0.14007765911519524,1.0,0.0,True,False,0.11512174822295748
one_standard_error,SM_0_10cm_mm,0–10 cm,100.0,K4_C3_L0_mm,precipitation_component,C3,April–October,0.0,0.16879941221901762,0.16871757656037809,0.16846922039985657,0.1456020675599575,0.19345248267054557,1.0,0.0,True,False,0.16879941221901762
one_standard_error,SM_0_10cm_mm,0–10 cm,100.0,K4_C3_L1_mm,precipitation_component,C3,April–October,1.0,0.11789405213297949,0.11879979432672262,0.11852038651704788,0.09656156599521637,0.1428056739270687,1.0,0.0,True,False,0.11789405213297949
one_standard_error,SM_0_10cm_mm,0–10 cm,100.0,K4_C3_L2_mm,precipitation_component,C3,April–October,2.0,0.04785073847124953,0.047935025585442784,0.04797078110277653,0.03407899057492614,0.061668533366173506,1.0,0.0,True,False,0.04785073847124953
one_standard_error,SM_0_10cm_mm,0–10 cm,100.0,K4_C3_L3_mm,precipitation_component,C3,April–October,3.0,0.031875810952466534,0.0305905955513967,0.030899026431143284,-0.001147453419980593,0.059948933310806744,0.9714,0.0286,False,False,0.031875810952466534
one_standard_error,SM_0_10cm_mm,0–10 cm,100.0,K4_C4_L0_mm,precipitation_component,C4,November northern,0.0,0.21451283072309582,0.21181145335435866,0.212354838848114,0.17268044725060464,0.2463352315127849,1.0,0.0,True,False,0.21451283072309582
one_standard_error,SM_0_10cm_mm,0–10 cm,100.0,K4_C4_L1_mm,precipitation_component,C4,November northern,1.0,0.15692875210207996,0.15518481920212507,0.15569153428077698,0.13259392865002156,0.1747015133500099,1.0,0.0,True,False,0.15692875210207996
one_standard_error,SM_0_10cm_mm,0–10 cm,100.0,K4_C4_L2_mm,precipitation_component,C4,November northern,2.0,0.07475285509968936,0.0742940843962133,0.07472266256809235,0.05707801776006818,0.09002629481256005,1.0,0.0,True,False,0.07475285509968936
one_standard_error,SM_0_10cm_mm,0–10 cm,100.0,K4_C4_L3_mm,precipitation_component,C4,November northern,3.0,0.03408071891429206,0.031929774848464876,0.03185126185417175,0.011448945617303252,0.05229601012542843,0.9986,0.0014,True,False,0.03408071891429206
one_standard_error,SM_0_10cm_mm,0–10 cm,100.0,PET_mm,atmospheric,,,,-0.24484783714844696,-0.24359809239804744,-0.2436661720275879,-0.2922073058784008,-0.19617898948490622,0.0,1.0,False,True,0.24484783714844696
one_standard_error,SM_0_10cm_mm,0–10 cm,100.0,latitude,spatial,,,,-0.07664772145894137,-0.07770378839561054,-0.07905074208974838,-0.14615518003702163,0.00016807760512162388,0.0256,0.9744,False,False,0.07664772145894137
one_standard_error,SM_0_10cm_mm,0–10 cm,100.0,longitude,spatial,,,,-0.09908349649039606,-0.09775025100348575,-0.09871181845664978,-0.16701330803334713,-0.0238108419813216,0.0052,0.9948,False,True,0.09908349649039606
one_standard_error,SM_10_40cm_mm,10–40 cm,100.0,K4_C1_L0_mm,precipitation_component,C1,January eastern,0.0,0.08136831607888835,0.08144827390089632,0.08149382099509239,0.05350085664540529,0.1095362728461623,1.0,0.0,True,False,0.08136831607888835
one_standard_error,SM_10_40cm_mm,10–40 cm,100.0,K4_C1_L1_mm,precipitation_component,C1,January eastern,1.0,0.06268226820091906,0.06263318023607135,0.06270712241530418,0.04820690238848328,0.07658839728683232,1.0,0.0,True,False,0.06268226820091906
one_standard_error,SM_10_40cm_mm,10–40 cm,100.0,K4_C1_L2_mm,precipitation_component,C1,January eastern,2.0,0.061478849677637226,0.0617627148963511,0.06188470497727394,0.04680717615410686,0.07663810830563306,1.0,0.0,True,False,0.061478849677637226
one_standard_error,SM_10_40cm_mm,10–40 cm,100.0,K4_C1_L3_mm,precipitation_component,C1,January eastern,3.0,0.033880289776876245,0.03441107913526439,0.03434736467897892,0.009622392873279751,0.06082856021821497,0.998,0.002,True,False,0.033880289776876245
one_standard_error,SM_10_40cm_mm,10–40 cm,100.0,K4_C2_L0_mm,precipitation_component,C2,May–June southwest,0.0,0.20322017686101412,0.1994997941210866,0.20004137605428696,0.16065317802131177,0.23581256195902822,1.0,0.0,True,False,0.20322017686101412
one_standard_error,SM_10_40cm_mm,10–40 cm,100.0,K4_C2_L1_mm,precipitation_component,C2,May–June southwest,1.0,0.1188952703327373,0.11744584801644087,0.11761420220136642,0.09861363302916289,0.1353639155626297,1.0,0.0,True,False,0.1188952703327373
one_standard_error,SM_10_40cm_mm,10–40 cm,100.0,K4_C2_L2_mm,precipitation_component,C2,May–June southwest,2.0,0.08210797651575473,0.08114525208920241,0.08134318888187408,0.06297684907913208,0.09751149900257584,1.0,0.0,True,False,0.08210797651575473
one_standard_error,SM_10_40cm_mm,10–40 cm,100.0,K4_C2_L3_mm,precipitation_component,C2,May–June southwest,3.0,0.10348812459820868,0.1019989950440824,0.10248814895749092,0.07149007525295019,0.12937806360423562,1.0,0.0,True,False,0.10348812459820868
one_standard_error,SM_10_40cm_mm,10–40 cm,100.0,K4_C3_L0_mm,precipitation_component,C3,April–October,0.0,0.1323078308072899,0.13199570249319076,0.1320737823843956,0.10674245655536652,0.15683907270431519,1.0,0.0,True,False,0.1323078308072899
one_standard_error,SM_10_40cm_mm,10–40 cm,100.0,K4_C3_L1_mm,precipitation_component,C3,April–October,1.0,0.12030232111017265,0.12112451779991389,0.1206691637635231,0.09779955949634314,0.14770669452846047,1.0,0.0,True,False,0.12030232111017265
one_standard_error,SM_10_40cm_mm,10–40 cm,100.0,K4_C3_L2_mm,precipitation_component,C3,April–October,2.0,0.06020277472571552,0.06102218360677362,0.06072906404733658,0.04469480887055397,0.07950596176087854,1.0,0.0,True,False,0.06020277472571552
one_standard_error,SM_10_40cm_mm,10–40 cm,100.0,K4_C3_L3_mm,precipitation_component,C3,April–October,3.0,0.045998852373882536,0.04555395632713335,0.04592199623584747,0.016219218820333482,0.07220742218196392,0.9988,0.0012,True,False,0.045998852373882536
one_standard_error,SM_10_40cm_mm,10–40 cm,100.0,K4_C4_L0_mm,precipitation_component,C4,November northern,0.0,0.16689621290697546,0.16559251871854067,0.16598083078861237,0.13309609405696393,0.1967372853308916,1.0,0.0,True,False,0.16689621290697546
one_standard_error,SM_10_40cm_mm,10–40 cm,100.0,K4_C4_L1_mm,precipitation_component,C4,November northern,1.0,0.17413841906978464,0.17258598193526267,0.17271101474761963,0.14182839691638946,0.20238837897777556,1.0,0.0,True,False,0.17413841906978464
one_standard_error,SM_10_40cm_mm,10–40 cm,100.0,K4_C4_L2_mm,precipitation_component,C4,November northern,2.0,0.11097663880049101,0.1103221916988492,0.11050871759653091,0.08893423341214657,0.13116338104009626,1.0,0.0,True,False,0.11097663880049101
one_standard_error,SM_10_40cm_mm,10–40 cm,100.0,K4_C4_L3_mm,precipitation_component,C4,November northern,3.0,0.07502711115157197,0.0730658579159528,0.07307007908821106,0.05052613988518715,0.096287215873599,1.0,0.0,True,False,0.07502711115157197
one_standard_error,SM_10_40cm_mm,10–40 cm,100.0,PET_mm,atmospheric,,,,-0.2540651815037027,-0.25222752669155596,-0.2519611418247223,-0.3054957866668701,-0.2016418468207121,0.0,1.0,False,True,0.2540651815037027
one_standard_error,SM_10_40cm_mm,10–40 cm,100.0,latitude,spatial,,,,-0.07254315236983473,-0.0726460371914503,-0.07429341599345207,-0.1534788768738508,0.01758106211200355,0.054,0.946,False,False,0.07254315236983473
one_standard_error,SM_10_40cm_mm,10–40 cm,100.0,longitude,spatial,,,,-0.12718009299795804,-0.1255049795643572,-0.12454655393958092,-0.20811040475964546,-0.039663143549114564,0.0032,0.9968,False,True,0.12718009299795804
one_standard_error,SM_40_100cm_mm,40–100 cm,100.0,K4_C1_L0_mm,precipitation_component,C1,January eastern,0.0,0.10171623225461311,0.1021585640951991,0.10182003676891327,0.07697493750602007,0.1292121782898903,1.0,0.0,True,False,0.10171623225461311
one_standard_error,SM_40_100cm_mm,40–100 cm,100.0,K4_C1_L1_mm,precipitation_component,C1,January eastern,1.0,0.06641977660732999,0.06609885401427745,0.06661469116806984,0.04679308282211423,0.08250015284866094,1.0,0.0,True,False,0.06641977660732999
one_standard_error,SM_40_100cm_mm,40–100 cm,100.0,K4_C1_L2_mm,precipitation_component,C1,January eastern,2.0,0.06443398208145533,0.06446047479361296,0.06460299715399742,0.04911493230611086,0.07905296646058554,1.0,0.0,True,False,0.06443398208145533
one_standard_error,SM_40_100cm_mm,40–100 cm,100.0,K4_C1_L3_mm,precipitation_component,C1,January eastern,3.0,0.05542337176228177,0.055742629018612204,0.05548074468970299,0.034092560224235055,0.07874496225267646,1.0,0.0,True,False,0.05542337176228177
one_standard_error,SM_40_100cm_mm,40–100 cm,100.0,K4_C2_L0_mm,precipitation_component,C2,May–June southwest,0.0,0.1742936394702815,0.17007771819233894,0.17064902931451797,0.12664570547640325,0.2089543856680393,1.0,0.0,True,False,0.1742936394702815
one_standard_error,SM_40_100cm_mm,40–100 cm,100.0,K4_C2_L1_mm,precipitation_component,C2,May–June southwest,1.0,0.13788619621977452,0.1356774348370731,0.1361001580953598,0.11355836689472198,0.15572476275265218,1.0,0.0,True,False,0.13788619621977452
one_standard_error,SM_40_100cm_mm,40–100 cm,100.0,K4_C2_L2_mm,precipitation_component,C2,May–June southwest,2.0,0.12064655224398975,0.11913677760362625,0.11913325637578964,0.10148956216871738,0.13642785064876078,1.0,0.0,True,False,0.12064655224398975
one_standard_error,SM_40_100cm_mm,40–100 cm,100.0,K4_C2_L3_mm,precipitation_component,C2,May–June southwest,3.0,0.12355593274016506,0.12143416425064206,0.12214311584830284,0.08941245898604393,0.15093004442751407,1.0,0.0,True,False,0.12355593274016506
one_standard_error,SM_40_100cm_mm,40–100 cm,100.0,K4_C3_L0_mm,precipitation_component,C3,April–October,0.0,0.09470692624201066,0.09358895477317274,0.09416454285383224,0.05844394033774734,0.1251192037016153,1.0,0.0,True,False,0.09470692624201066
one_standard_error,SM_40_100cm_mm,40–100 cm,100.0,K4_C3_L1_mm,precipitation_component,C3,April–October,1.0,0.12896159170898414,0.1294563540354371,0.12911337614059448,0.10900869090110063,0.15105211697518825,1.0,0.0,True,False,0.12896159170898414
one_standard_error,SM_40_100cm_mm,40–100 cm,100.0,K4_C3_L2_mm,precipitation_component,C3,April–October,2.0,0.07181395136524263,0.0727261101052165,0.07217304036021233,0.052562058344483374,0.09497318752110004,1.0,0.0,True,False,0.07181395136524263
one_standard_error,SM_40_100cm_mm,40–100 cm,100.0,K4_C3_L3_mm,precipitation_component,C3,April–October,3.0,0.05627697106586421,0.05586949522406794,0.055904775857925415,0.029508433444425466,0.0812210101634264,1.0,0.0,True,False,0.05627697106586421
one_standard_error,SM_40_100cm_mm,40–100 cm,100.0,K4_C4_L0_mm,precipitation_component,C4,November northern,0.0,0.09803553952877224,0.09713853330537676,0.0972306951880455,0.0699505964294076,0.12329954355955124,1.0,0.0,True,False,0.09803553952877224
one_standard_error,SM_40_100cm_mm,40–100 cm,100.0,K4_C4_L1_mm,precipitation_component,C4,November northern,1.0,0.19189593513980666,0.1899226564258337,0.18966148793697357,0.15575747080147267,0.222811347618699,1.0,0.0,True,False,0.19189593513980666
one_standard_error,SM_40_100cm_mm,40–100 cm,100.0,K4_C4_L2_mm,precipitation_component,C4,November northern,2.0,0.1389975749297058,0.13782983015179634,0.1378420665860176,0.11651102248579263,0.1587544683367014,1.0,0.0,True,False,0.1389975749297058
one_standard_error,SM_40_100cm_mm,40–100 cm,100.0,K4_C4_L3_mm,precipitation_component,C4,November northern,3.0,0.12984773003027802,0.12770422289669514,0.12761542946100235,0.10644332505762577,0.14892339780926703,1.0,0.0,True,False,0.12984773003027802
one_standard_error,SM_40_100cm_mm,40–100 cm,100.0,PET_mm,atmospheric,,,,-0.21732569281748906,-0.21608021825551987,-0.21617991477251053,-0.26452396586537363,-0.16874127238988879,0.0,1.0,False,True,0.21732569281748906
one_standard_error,SM_40_100cm_mm,40–100 cm,100.0,latitude,spatial,,,,-0.06619446590786152,-0.06692735932546676,-0.07045716047286987,-0.1510091844946146,0.03165973555296657,0.085,0.915,False,False,0.06619446590786152
one_standard_error,SM_40_100cm_mm,40–100 cm,100.0,longitude,spatial,,,,-0.15734662915863182,-0.15659810742267874,-0.15726640075445175,-0.2444832544773817,-0.06704683210700751,0.0006,0.9994,False,True,0.15734662915863182
one_standard_error,SM_100_200cm_mm,100–200 cm,300.0,K4_C1_L0_mm,precipitation_component,C1,January eastern,0.0,0.0796385896050688,0.07823372192494571,0.07853779941797256,0.0523839108645916,0.10296748466789722,1.0,0.0,True,False,0.0796385896050688
one_standard_error,SM_100_200cm_mm,100–200 cm,300.0,K4_C1_L1_mm,precipitation_component,C1,January eastern,1.0,0.07766014535214168,0.07579229200929403,0.07615917548537254,0.05477418666705489,0.09476181268692016,1.0,0.0,True,False,0.07766014535214168
one_standard_error,SM_100_200cm_mm,100–200 cm,300.0,K4_C1_L2_mm,precipitation_component,C1,January eastern,2.0,0.06225823222080031,0.06011227518431842,0.06069701164960861,0.03845115043222904,0.07950501553714276,1.0,0.0,True,False,0.06225823222080031
one_standard_error,SM_100_200cm_mm,100–200 cm,300.0,K4_C1_L3_mm,precipitation_component,C1,January eastern,3.0,0.05231643009618562,0.049913565682742043,0.05046866647899151,0.01729820598848164,0.07948879115283489,0.998,0.002,True,False,0.05231643009618562
one_standard_error,SM_100_200cm_mm,100–200 cm,300.0,K4_C2_L0_mm,precipitation_component,C2,May–June southwest,0.0,0.08706544990650422,0.08416012794261332,0.08467932790517807,0.03711782237514853,0.12633113414049138,1.0,0.0,True,False,0.08706544990650422
one_standard_error,SM_100_200cm_mm,100–200 cm,300.0,K4_C2_L1_mm,precipitation_component,C2,May–June southwest,1.0,0.10992735142524687,0.1069436841763556,0.10755253210663795,0.06838944926857948,0.14100505635142327,1.0,0.0,True,False,0.10992735142524687
one_standard_error,SM_100_200cm_mm,100–200 cm,300.0,K4_C2_L2_mm,precipitation_component,C2,May–June southwest,2.0,0.1239540928580949,0.12100759374573827,0.12172170728445053,0.08598435521125794,0.15143091157078742,1.0,0.0,True,False,0.1239540928580949
one_standard_error,SM_100_200cm_mm,100–200 cm,300.0,K4_C2_L3_mm,precipitation_component,C2,May–June southwest,3.0,0.12877463461110386,0.1258433028973639,0.12623000890016556,0.08643323443830013,0.16213054209947583,1.0,0.0,True,False,0.12877463461110386
one_standard_error,SM_100_200cm_mm,100–200 cm,300.0,K4_C3_L0_mm,precipitation_component,C3,April–October,0.0,0.060973639063677865,0.06085983767210855,0.06152939796447754,0.022923784470185636,0.09521243367344141,0.9988,0.0012,True,False,0.060973639063677865
one_standard_error,SM_100_200cm_mm,100–200 cm,300.0,K4_C3_L1_mm,precipitation_component,C3,April–October,1.0,0.09475920969448982,0.09465023249834775,0.09508010372519493,0.06923313066363335,0.1180294495075941,1.0,0.0,True,False,0.09475920969448982
one_standard_error,SM_100_200cm_mm,100–200 cm,300.0,K4_C3_L2_mm,precipitation_component,C3,April–October,2.0,0.0760798839265861,0.07661378749981522,0.07682213559746742,0.05862950636073947,0.09394246656447647,1.0,0.0,True,False,0.0760798839265861
one_standard_error,SM_100_200cm_mm,100–200 cm,300.0,K4_C3_L3_mm,precipitation_component,C3,April–October,3.0,0.039459744700429476,0.040339872295418175,0.04079057835042477,0.01453282693400979,0.06223833151161671,0.9986,0.0014,True,False,0.039459744700429476
one_standard_error,SM_100_200cm_mm,100–200 cm,300.0,K4_C4_L0_mm,precipitation_component,C4,November northern,0.0,0.014776713261518061,0.013569256827898871,0.013334453571587801,-0.013341215578839181,0.04225973235443234,0.8238,0.1762,False,False,0.014776713261518061
one_standard_error,SM_100_200cm_mm,100–200 cm,300.0,K4_C4_L1_mm,precipitation_component,C4,November northern,1.0,0.11905206292509102,0.11759821416288614,0.11761481314897537,0.09262832440435886,0.14314030893146992,1.0,0.0,True,False,0.11905206292509102
one_standard_error,SM_100_200cm_mm,100–200 cm,300.0,K4_C4_L2_mm,precipitation_component,C4,November northern,2.0,0.11237661756019654,0.11080454230308533,0.11079564690589905,0.08699071481823921,0.13413079604506492,1.0,0.0,True,False,0.11237661756019654
one_standard_error,SM_100_200cm_mm,100–200 cm,300.0,K4_C4_L3_mm,precipitation_component,C4,November northern,3.0,0.08276822297594509,0.08138154782429337,0.08148699626326561,0.05434288550168276,0.10783313326537607,1.0,0.0,True,False,0.08276822297594509
one_standard_error,SM_100_200cm_mm,100–200 cm,300.0,PET_mm,atmospheric,,,,-0.10777648398067156,-0.10889337408617139,-0.10934853181242943,-0.15328940823674203,-0.06384525988250972,0.0,1.0,False,True,0.10777648398067156
one_standard_error,SM_100_200cm_mm,100–200 cm,300.0,latitude,spatial,,,,-0.07035360268435144,-0.07357193696181893,-0.07462925091385841,-0.1531632523983717,0.017800554865971145,0.0524,0.9476,False,False,0.07035360268435144
one_standard_error,SM_100_200cm_mm,100–200 cm,300.0,longitude,spatial,,,,-0.06841262744318147,-0.06341983211461794,-0.062436413019895554,-0.1719869166612625,0.04114058976992955,0.1202,0.8798,False,False,0.06841262744318147
