target,depth_label,maximum_lag_months,configuration,feature_count,test_fold,validation_fold,selected_alpha,test_region_count,test_sample_count,test_rmse_mm,test_mae_mm,test_r_squared
SM_0_10cm_mm,0–10 cm,3,STATIC_ONLY,3,0,1,0.0,28,336,0.8556920839237553,0.7396449923093565,-4.157747033404401
SM_0_10cm_mm,0–10 cm,3,STATIC_ONLY,3,1,2,1000.0,32,384,1.7118015349129685,1.2461143252685558,-0.023280041401860352
SM_0_10cm_mm,0–10 cm,3,STATIC_ONLY,3,2,3,100.0,37,444,1.248882687542331,1.0217903690652537,-4.059402080735743
SM_0_10cm_mm,0–10 cm,3,STATIC_ONLY,3,3,4,1000.0,33,396,3.6923324637108004,2.422220088501267,0.14777418693557343
SM_0_10cm_mm,0–10 cm,3,STATIC_ONLY,3,4,0,300.0,42,504,2.33647768446315,1.6976966404076974,-0.00696733977249675
SM_0_10cm_mm,0–10 cm,3,FULL,19,0,1,1000.0,28,336,0.7984278901757511,0.6652393232209353,-3.490517646602079
SM_0_10cm_mm,0–10 cm,3,FULL,19,1,2,1000.0,32,384,1.2008388131501846,0.8928240529173586,0.49643317182759616
SM_0_10cm_mm,0–10 cm,3,FULL,19,2,3,300.0,37,444,0.9295135574788995,0.7485249549282457,-1.8026402936818529
SM_0_10cm_mm,0–10 cm,3,FULL,19,3,4,0.0,33,396,4.0052744480755464,2.3568157245052443,-0.0028076700578765212
SM_0_10cm_mm,0–10 cm,3,FULL,19,4,0,300.0,42,504,1.9268404454423251,1.2759850085113618,0.3151686746730711
SM_0_10cm_mm,0–10 cm,3,ONLY_C1,7,0,1,0.0,28,336,1.1144383716855124,0.8889912264515313,-7.74857105365027
SM_0_10cm_mm,0–10 cm,3,ONLY_C1,7,1,2,1000.0,32,384,1.6960914725515097,1.2370993775418404,-0.004583919073159137
SM_0_10cm_mm,0–10 cm,3,ONLY_C1,7,2,3,30.0,37,444,1.2340787030918905,1.017357390015208,-3.940166878919216
SM_0_10cm_mm,0–10 cm,3,ONLY_C1,7,3,4,0.0,33,396,3.3530591896443203,2.548389184447322,0.29719389288213316
SM_0_10cm_mm,0–10 cm,3,ONLY_C1,7,4,0,300.0,42,504,2.3308271255159942,1.6712620498928978,-0.002102711223490372
SM_0_10cm_mm,0–10 cm,3,ONLY_C2,7,0,1,100.0,28,336,0.8499190500255878,0.6732548399511208,-4.0883870246521
SM_0_10cm_mm,0–10 cm,3,ONLY_C2,7,1,2,1000.0,32,384,1.4469747165176632,1.0166656680109891,0.26884481221384005
SM_0_10cm_mm,0–10 cm,3,ONLY_C2,7,2,3,0.0,37,444,1.373331229136228,1.1353684898898686,-5.117958070391831
SM_0_10cm_mm,0–10 cm,3,ONLY_C2,7,3,4,300.0,33,396,3.650965712646571,2.1963808871835435,0.166762905729668
SM_0_10cm_mm,0–10 cm,3,ONLY_C2,7,4,0,300.0,42,504,2.0969544911948903,1.545311111917802,0.1889079949577953
SM_0_10cm_mm,0–10 cm,3,ONLY_C3,7,0,1,0.0,28,336,1.0281156734198411,0.764774273343471,-6.445758898131917
SM_0_10cm_mm,0–10 cm,3,ONLY_C3,7,1,2,1000.0,32,384,1.4126178356691714,1.0239699830643902,0.30315361524387285
SM_0_10cm_mm,0–10 cm,3,ONLY_C3,7,2,3,0.0,37,444,1.3221566497412502,1.0808601455495004,-4.670504920676092
SM_0_10cm_mm,0–10 cm,3,ONLY_C3,7,3,4,100.0,33,396,3.258340121246789,2.136145837758828,0.3363395775245458
SM_0_10cm_mm,0–10 cm,3,ONLY_C3,7,4,0,100.0,42,504,2.0249108580344837,1.3867245679006601,0.24368288525087167
SM_0_10cm_mm,0–10 cm,3,ONLY_C4,7,0,1,1000.0,28,336,0.9696021372271948,0.8680219142178051,-5.622350113816375
SM_0_10cm_mm,0–10 cm,3,ONLY_C4,7,1,2,1000.0,32,384,1.5017270112653984,1.0923339421948728,0.21246536016582607
SM_0_10cm_mm,0–10 cm,3,ONLY_C4,7,2,3,0.0,37,444,1.3084727046353202,1.062405958805651,-4.553736101159305
SM_0_10cm_mm,0–10 cm,3,ONLY_C4,7,3,4,1000.0,33,396,3.609285689794482,2.1644907748148183,0.1856790533593743
SM_0_10cm_mm,0–10 cm,3,ONLY_C4,7,4,0,300.0,42,504,2.3164177663152006,1.6522845795221848,0.010249148085181181
SM_0_10cm_mm,0–10 cm,3,DROP_C1,15,0,1,1000.0,28,336,1.1779095993391842,0.9449500327338524,-8.773473313160778
SM_0_10cm_mm,0–10 cm,3,DROP_C1,15,1,2,1000.0,32,384,1.2264860879269324,0.8487636052910993,0.4746933081485326
SM_0_10cm_mm,0–10 cm,3,DROP_C1,15,2,3,30.0,37,444,1.2794347224799083,1.0732744148940472,-4.309971254915664
SM_0_10cm_mm,0–10 cm,3,DROP_C1,15,3,4,300.0,33,396,3.627776258357283,1.9982171462443277,0.17731405919103416
SM_0_10cm_mm,0–10 cm,3,DROP_C1,15,4,0,30.0,42,504,2.1909615085665983,1.4935437781489882,0.11455496818903543
SM_0_10cm_mm,0–10 cm,3,DROP_C2,15,0,1,1000.0,28,336,0.7870050484688087,0.6508115762221166,-3.362948090410523
SM_0_10cm_mm,0–10 cm,3,DROP_C2,15,1,2,1000.0,32,384,1.2774738633299472,0.9236181413402469,0.4301090932774476
SM_0_10cm_mm,0–10 cm,3,DROP_C2,15,2,3,100.0,37,444,1.052777483289673,0.8430073068310433,-2.5952498750046216
SM_0_10cm_mm,0–10 cm,3,DROP_C2,15,3,4,0.0,33,396,3.399613623831872,1.9643445281892145,0.27754265797760536
SM_0_10cm_mm,0–10 cm,3,DROP_C2,15,4,0,300.0,42,504,1.9622729886766794,1.3041003931790267,0.2897504598406254
SM_0_10cm_mm,0–10 cm,3,DROP_C3,15,0,1,0.0,28,336,1.1456634961779797,0.9525406965476056,-8.245686436300094
SM_0_10cm_mm,0–10 cm,3,DROP_C3,15,1,2,1000.0,32,384,1.319108121856166,0.9014643781112,0.3923570419430249
SM_0_10cm_mm,0–10 cm,3,DROP_C3,15,2,3,0.0,37,444,1.415838200286083,1.1988954283446667,-5.50254184813232
SM_0_10cm_mm,0–10 cm,3,DROP_C3,15,3,4,1000.0,33,396,3.8197707475575675,2.1641209363489637,0.08793102289206545
SM_0_10cm_mm,0–10 cm,3,DROP_C3,15,4,0,300.0,42,504,2.251073218423081,1.6267630251335137,0.0653019168959803
SM_0_10cm_mm,0–10 cm,3,DROP_C4,15,0,1,300.0,28,336,0.6474934613353736,0.5284752766288043,-1.9532198814095212
SM_0_10cm_mm,0–10 cm,3,DROP_C4,15,1,2,1000.0,32,384,1.2460884281513411,0.9618411373267083,0.4577676723315093
SM_0_10cm_mm,0–10 cm,3,DROP_C4,15,2,3,300.0,37,444,0.9705065697867536,0.7838986082632983,-2.055292990872014
SM_0_10cm_mm,0–10 cm,3,DROP_C4,15,3,4,0.0,33,396,3.8432787545299836,2.2226442466810266,0.07667018960620242
SM_0_10cm_mm,0–10 cm,3,DROP_C4,15,4,0,300.0,42,504,1.842790317409078,1.2348478652009418,0.3736112441910705
SM_10_40cm_mm,10–40 cm,3,STATIC_ONLY,3,0,1,0.0,28,336,2.735300633948479,2.3610586619899276,-4.713641480925426
SM_10_40cm_mm,10–40 cm,3,STATIC_ONLY,3,1,2,1000.0,32,384,5.585483559275023,3.9631939548231414,-0.02186317211605804
SM_10_40cm_mm,10–40 cm,3,STATIC_ONLY,3,2,3,100.0,37,444,3.944887450788422,3.224637133538417,-4.290646397145819
SM_10_40cm_mm,10–40 cm,3,STATIC_ONLY,3,3,4,1000.0,33,396,12.076418361171179,7.62972641956321,0.1267448600406883
SM_10_40cm_mm,10–40 cm,3,STATIC_ONLY,3,4,0,300.0,42,504,7.66755272577761,5.38752074084004,-0.030308205895970275
SM_10_40cm_mm,10–40 cm,3,FULL,19,0,1,1000.0,28,336,2.5175619666347777,2.1091960308997098,-3.8401987092261596
SM_10_40cm_mm,10–40 cm,3,FULL,19,1,2,1000.0,32,384,4.227345595497145,3.0756474735287473,0.41466202655447226
SM_10_40cm_mm,10–40 cm,3,FULL,19,2,3,300.0,37,444,2.8824679071792167,2.3356434487602193,-1.8246748508118316
SM_10_40cm_mm,10–40 cm,3,FULL,19,3,4,0.0,33,396,13.570153842793022,7.835614575602442,-0.1026416509723116
SM_10_40cm_mm,10–40 cm,3,FULL,19,4,0,300.0,42,504,6.584491105793177,4.166543577257871,0.24020217265262955
SM_10_40cm_mm,10–40 cm,3,ONLY_C1,7,0,1,0.0,28,336,3.34501818207941,2.684636598763052,-7.544759016885811
SM_10_40cm_mm,10–40 cm,3,ONLY_C1,7,1,2,300.0,32,384,5.422549829980608,3.875263430576272,0.036884671208843756
SM_10_40cm_mm,10–40 cm,3,ONLY_C1,7,2,3,30.0,37,444,3.883399571875887,3.1889340189424544,-4.127004029493477
SM_10_40cm_mm,10–40 cm,3,ONLY_C1,7,3,4,1000.0,33,396,12.098813045781162,7.615374036988888,0.12350310315947266
SM_10_40cm_mm,10–40 cm,3,ONLY_C1,7,4,0,300.0,42,504,7.680957672998061,5.343382027929714,-0.033913867438201795
SM_10_40cm_mm,10–40 cm,3,ONLY_C2,7,0,1,100.0,28,336,2.6993143888128217,2.1564924869179483,-4.5642904679567255
SM_10_40cm_mm,10–40 cm,3,ONLY_C2,7,1,2,1000.0,32,384,4.885283627414785,3.3520447388757812,0.21828083844445645
SM_10_40cm_mm,10–40 cm,3,ONLY_C2,7,2,3,0.0,37,444,4.223957557173095,3.526923800173402,-5.065667407154639
SM_10_40cm_mm,10–40 cm,3,ONLY_C2,7,3,4,300.0,33,396,12.07355757909005,6.994240074380698,0.12715854176048036
SM_10_40cm_mm,10–40 cm,3,ONLY_C2,7,4,0,300.0,42,504,7.020717759745146,4.964291805117771,0.13619314699894736
SM_10_40cm_mm,10–40 cm,3,ONLY_C3,7,0,1,1000.0,28,336,3.78410317559042,3.008303067132592,-9.935251904284433
SM_10_40cm_mm,10–40 cm,3,ONLY_C3,7,1,2,1000.0,32,384,4.774652985526934,3.341074417291195,0.2532850984234989
SM_10_40cm_mm,10–40 cm,3,ONLY_C3,7,2,3,0.0,37,444,4.02826467514293,3.3079551028813277,-4.516650844658849
SM_10_40cm_mm,10–40 cm,3,ONLY_C3,7,3,4,300.0,33,396,11.158410434141947,6.762182814367214,0.25446246303087083
SM_10_40cm_mm,10–40 cm,3,ONLY_C3,7,4,0,100.0,42,504,6.877812796585858,4.489587648396919,0.17100040522303017
SM_10_40cm_mm,10–40 cm,3,ONLY_C4,7,0,1,1000.0,28,336,3.1742067872148403,2.869413554506144,-6.694373879973262
SM_10_40cm_mm,10–40 cm,3,ONLY_C4,7,1,2,1000.0,32,384,5.114064258068103,3.5509154949721515,0.14334973591956446
SM_10_40cm_mm,10–40 cm,3,ONLY_C4,7,2,3,0.0,37,444,4.149477267987558,3.376676320089808,-4.853643662506704
SM_10_40cm_mm,10–40 cm,3,ONLY_C4,7,3,4,1000.0,33,396,11.925100881486618,6.990300845456141,0.14849152595277115
SM_10_40cm_mm,10–40 cm,3,ONLY_C4,7,4,0,300.0,42,504,7.654279402396789,5.279636429024027,-0.02674415422541454
SM_10_40cm_mm,10–40 cm,3,DROP_C1,15,0,1,1000.0,28,336,3.7439414945121174,3.053124255226205,-9.704366263513238
SM_10_40cm_mm,10–40 cm,3,DROP_C1,15,1,2,1000.0,32,384,4.319263165048715,2.8974700952093557,0.38893061874295265
SM_10_40cm_mm,10–40 cm,3,DROP_C1,15,2,3,100.0,37,444,3.732879490133399,3.123413345156808,-3.7372624007316997
SM_10_40cm_mm,10–40 cm,3,DROP_C1,15,3,4,300.0,33,396,12.155403406564842,6.544292311492069,0.11528456525047959
SM_10_40cm_mm,10–40 cm,3,DROP_C1,15,4,0,30.0,42,504,7.4362160980006555,4.865546111550755,0.03092448525232916
SM_10_40cm_mm,10–40 cm,3,DROP_C2,15,0,1,1000.0,28,336,2.4986451377878267,2.0931113708393307,-3.7677339844609783
SM_10_40cm_mm,10–40 cm,3,DROP_C2,15,1,2,300.0,32,384,4.4410476207755405,3.154895079877527,0.3539858182680179
SM_10_40cm_mm,10–40 cm,3,DROP_C2,15,2,3,100.0,37,444,3.2458281308330035,2.6067585113746223,-2.5817110081542305
SM_10_40cm_mm,10–40 cm,3,DROP_C2,15,3,4,0.0,33,396,11.48193329526829,6.424911175659998,0.21060405721078257
SM_10_40cm_mm,10–40 cm,3,DROP_C2,15,4,0,300.0,42,504,6.595611377936485,4.201128444483639,0.23763362386313125
SM_10_40cm_mm,10–40 cm,3,DROP_C3,15,0,1,0.0,28,336,3.512234005288002,2.8798223049290876,-8.420408602506093
SM_10_40cm_mm,10–40 cm,3,DROP_C3,15,1,2,1000.0,32,384,4.598444521528575,3.0261217822264808,0.30738308381604507
SM_10_40cm_mm,10–40 cm,3,DROP_C3,15,2,3,1.0,37,444,4.415912706192153,3.7402130433652165,-5.629495212290887
SM_10_40cm_mm,10–40 cm,3,DROP_C3,15,3,4,1000.0,33,396,12.636010608351866,7.020497128620588,0.04394073471941817
SM_10_40cm_mm,10–40 cm,3,DROP_C3,15,4,0,300.0,42,504,7.531657796705373,5.250120609147357,0.005889237556197191
SM_10_40cm_mm,10–40 cm,3,DROP_C4,15,0,1,300.0,28,336,2.0225746122647426,1.6583602745363175,-2.124006700881995
SM_10_40cm_mm,10–40 cm,3,DROP_C4,15,1,2,1000.0,32,384,4.291803999561334,3.2165660217384726,0.39667551318449445
SM_10_40cm_mm,10–40 cm,3,DROP_C4,15,2,3,300.0,37,444,2.971385361911854,2.412629672714044,-2.0016320992946572
SM_10_40cm_mm,10–40 cm,3,DROP_C4,15,3,4,0.0,33,396,13.101881501165607,7.402211212864619,-0.027855786870009558
SM_10_40cm_mm,10–40 cm,3,DROP_C4,15,4,0,300.0,42,504,6.368011566557597,4.063410478760011,0.28934092915118736
SM_40_100cm_mm,40–100 cm,3,STATIC_ONLY,3,0,1,0.0,28,336,6.492106657399245,5.5982271501623995,-5.910865245537978
SM_40_100cm_mm,40–100 cm,3,STATIC_ONLY,3,1,2,1000.0,32,384,11.50764699594967,8.23554272804313,0.07359300720441597
SM_40_100cm_mm,40–100 cm,3,STATIC_ONLY,3,2,3,30.0,37,444,9.434668728665157,7.716175682327473,-4.550441766911684
SM_40_100cm_mm,40–100 cm,3,STATIC_ONLY,3,3,4,1000.0,33,396,25.625433935160277,16.7430252537691,0.14677842559395038
SM_40_100cm_mm,40–100 cm,3,STATIC_ONLY,3,4,0,300.0,42,504,16.965193989095606,11.965453978024131,0.01726735017027692
SM_40_100cm_mm,40–100 cm,3,FULL,19,0,1,1000.0,28,336,5.904314575834469,4.842023288684312,-4.716103829534984
SM_40_100cm_mm,40–100 cm,3,FULL,19,1,2,1000.0,32,384,8.845558990491444,6.58862288454129,0.45263209552601047
SM_40_100cm_mm,40–100 cm,3,FULL,19,2,3,300.0,37,444,6.943333352028378,5.696799034656076,-2.006147402482792
SM_40_100cm_mm,40–100 cm,3,FULL,19,3,4,0.0,33,396,28.89921326207746,17.38477138020328,-0.08515408960475779
SM_40_100cm_mm,40–100 cm,3,FULL,19,4,0,300.0,42,504,14.582728005029821,9.272033236313012,0.2739019405223643
SM_40_100cm_mm,40–100 cm,3,ONLY_C1,7,0,1,0.0,28,336,7.49035286276422,5.900253426638854,-8.199530999502464
SM_40_100cm_mm,40–100 cm,3,ONLY_C1,7,1,2,1000.0,32,384,11.469810049547663,8.199012073142613,0.0796750126535214
SM_40_100cm_mm,40–100 cm,3,ONLY_C1,7,2,3,10.0,37,444,9.350604754443088,7.753685732517299,-4.451972279079477
SM_40_100cm_mm,40–100 cm,3,ONLY_C1,7,3,4,0.0,33,396,23.177935095336057,17.008683735447093,0.30197840877491144
SM_40_100cm_mm,40–100 cm,3,ONLY_C1,7,4,0,300.0,42,504,17.094881340036075,12.001027455391915,0.002185280296131409
SM_40_100cm_mm,40–100 cm,3,ONLY_C2,7,0,1,100.0,28,336,6.263232015828602,5.062150499070863,-5.432179159605258
SM_40_100cm_mm,40–100 cm,3,ONLY_C2,7,1,2,1000.0,32,384,10.109905303303334,7.048390274179773,0.2849721830647912
SM_40_100cm_mm,40–100 cm,3,ONLY_C2,7,2,3,0.0,37,444,10.051830446903589,8.440017090238959,-5.300348135693638
SM_40_100cm_mm,40–100 cm,3,ONLY_C2,7,3,4,300.0,33,396,25.549309136398843,15.435124460645419,0.1518401815220315
SM_40_100cm_mm,40–100 cm,3,ONLY_C2,7,4,0,300.0,42,504,15.741571132456864,11.16188394179158,0.1539152301018344
SM_40_100cm_mm,40–100 cm,3,ONLY_C3,7,0,1,1000.0,28,336,8.659714386360626,6.822768286684131,-11.296124995376175
SM_40_100cm_mm,40–100 cm,3,ONLY_C3,7,1,2,1000.0,32,384,9.695712011448341,6.8042593042489115,0.3423600663638209
SM_40_100cm_mm,40–100 cm,3,ONLY_C3,7,2,3,0.0,37,444,9.414125091900054,7.807370027951088,-4.526296326542228
SM_40_100cm_mm,40–100 cm,3,ONLY_C3,7,3,4,100.0,33,396,22.885896617269193,14.675731294874378,0.3194575265658156
SM_40_100cm_mm,40–100 cm,3,ONLY_C3,7,4,0,30.0,42,504,15.321306357312865,10.126562740110215,0.19848931128938607
SM_40_100cm_mm,40–100 cm,3,ONLY_C4,7,0,1,1000.0,28,336,7.2392140430186,6.39008055395043,-7.592983301455217
SM_40_100cm_mm,40–100 cm,3,ONLY_C4,7,1,2,1000.0,32,384,10.684786897541294,7.510580094269389,0.2013426517526541
SM_40_100cm_mm,40–100 cm,3,ONLY_C4,7,2,3,0.0,37,444,9.755767089611675,7.9714704466759,-4.934676982120627
SM_40_100cm_mm,40–100 cm,3,ONLY_C4,7,3,4,1000.0,33,396,25.331709976009062,15.484099013531704,0.16622592753362608
SM_40_100cm_mm,40–100 cm,3,ONLY_C4,7,4,0,300.0,42,504,17.034252093159797,11.797057177623609,0.009250491680069195
SM_40_100cm_mm,40–100 cm,3,DROP_C1,15,0,1,1000.0,28,336,8.574202358265099,6.983724290573465,-11.054483046440476
SM_40_100cm_mm,40–100 cm,3,DROP_C1,15,1,2,1000.0,32,384,8.864864981560213,6.049123575052891,0.45024015806167506
SM_40_100cm_mm,40–100 cm,3,DROP_C1,15,2,3,30.0,37,444,9.325663996448366,7.875432256134865,-4.4229271037668445
SM_40_100cm_mm,40–100 cm,3,DROP_C1,15,3,4,300.0,33,396,25.82113276613594,14.572258256874386,0.13369673116526948
SM_40_100cm_mm,40–100 cm,3,DROP_C1,15,4,0,30.0,42,504,16.202774955293723,10.523808493306936,0.1036109861707275
SM_40_100cm_mm,40–100 cm,3,DROP_C2,15,0,1,1000.0,28,336,5.857304103518063,4.778241163295312,-4.625442341642052
SM_40_100cm_mm,40–100 cm,3,DROP_C2,15,1,2,1000.0,32,384,9.137626752712862,6.465216167793731,0.41588872304452773
SM_40_100cm_mm,40–100 cm,3,DROP_C2,15,2,3,100.0,37,444,7.6448537089826045,6.224115271194181,-2.6442872153266235
SM_40_100cm_mm,40–100 cm,3,DROP_C2,15,3,4,0.0,33,396,23.96067796718186,13.909227072394144,0.2540365030728934
SM_40_100cm_mm,40–100 cm,3,DROP_C2,15,4,0,300.0,42,504,14.515269254934758,9.300056994685848,0.280604167227797
SM_40_100cm_mm,40–100 cm,3,DROP_C3,15,0,1,10.0,28,336,7.897923203694759,6.2083166961920355,-9.227911123303958
SM_40_100cm_mm,40–100 cm,3,DROP_C3,15,1,2,1000.0,32,384,9.55335743139533,6.385192524065121,0.3615295293186085
SM_40_100cm_mm,40–100 cm,3,DROP_C3,15,2,3,0.0,37,444,10.5365960102152,8.95045154426254,-5.922690198963872
SM_40_100cm_mm,40–100 cm,3,DROP_C3,15,3,4,1000.0,33,396,27.055197470353196,15.66263448271906,0.04891181226485042
SM_40_100cm_mm,40–100 cm,3,DROP_C3,15,4,0,100.0,42,504,17.730046235008558,12.40398578418957,-0.07334036316377657
SM_40_100cm_mm,40–100 cm,3,DROP_C4,15,0,1,300.0,28,336,4.975947684482007,4.100140137841542,-3.059875762843374
SM_40_100cm_mm,40–100 cm,3,DROP_C4,15,1,2,1000.0,32,384,8.923289373443046,6.848394876916475,0.44296983260948264
SM_40_100cm_mm,40–100 cm,3,DROP_C4,15,2,3,300.0,37,444,7.147419547219212,5.877394871717514,-2.1854646513542466
SM_40_100cm_mm,40–100 cm,3,DROP_C4,15,3,4,0.0,33,396,28.012360378237318,16.653091117618604,-0.019574069036284003
SM_40_100cm_mm,40–100 cm,3,DROP_C4,15,4,0,300.0,42,504,14.294008062900694,9.152393127417682,0.3023690001212922
SM_100_200cm_mm,100–200 cm,1,STATIC_ONLY,3,0,1,0.0,28,336,14.616965887378907,12.50459378155152,-5.473283630867501
SM_100_200cm_mm,100–200 cm,1,STATIC_ONLY,3,1,2,1000.0,32,384,23.165203642067123,16.953843152655278,0.11078445925988178
SM_100_200cm_mm,100–200 cm,1,STATIC_ONLY,3,2,3,100.0,37,444,20.209731433913927,16.559211658788215,-3.238268488178262
SM_100_200cm_mm,100–200 cm,1,STATIC_ONLY,3,3,4,100.0,33,396,40.37264901232012,31.284958842368823,0.32518369671871783
SM_100_200cm_mm,100–200 cm,1,STATIC_ONLY,3,4,0,300.0,42,504,36.40692778479051,25.983144948754354,-0.010457069692630716
SM_100_200cm_mm,100–200 cm,1,FULL,11,0,1,300.0,28,336,13.846986632533527,11.60145256926236,-4.809258677313767
SM_100_200cm_mm,100–200 cm,1,FULL,11,1,2,1000.0,32,384,18.0743108329797,12.82223719730294,0.4586747401482185
SM_100_200cm_mm,100–200 cm,1,FULL,11,2,3,100.0,37,444,16.87064670503141,14.232260805797685,-1.9534582921971224
SM_100_200cm_mm,100–200 cm,1,FULL,11,3,4,0.0,33,396,42.56807980675847,25.4530484822891,0.24979631276049918
SM_100_200cm_mm,100–200 cm,1,FULL,11,4,0,300.0,42,504,30.014865534861876,19.95254915730403,0.3132121455131388
SM_100_200cm_mm,100–200 cm,1,ONLY_C1,5,0,1,0.0,28,336,15.402206259667691,12.22806116908819,-6.187469907967482
SM_100_200cm_mm,100–200 cm,1,ONLY_C1,5,1,2,1000.0,32,384,23.123186966672385,16.933730935106013,0.11400722372312766
SM_100_200cm_mm,100–200 cm,1,ONLY_C1,5,2,3,100.0,37,444,19.803092173858882,16.365838491375285,-3.069428276994244
SM_100_200cm_mm,100–200 cm,1,ONLY_C1,5,3,4,0.0,33,396,40.22411431554402,31.342495238083288,0.33013998534700184
SM_100_200cm_mm,100–200 cm,1,ONLY_C1,5,4,0,300.0,42,504,36.14242142482222,25.401821792254548,0.004172092068028599
SM_100_200cm_mm,100–200 cm,1,ONLY_C2,5,0,1,0.0,28,336,13.913023364708753,11.02084123952922,-4.864799890490705
SM_100_200cm_mm,100–200 cm,1,ONLY_C2,5,1,2,1000.0,32,384,21.41071236909548,15.186831362917397,0.24037887505481825
SM_100_200cm_mm,100–200 cm,1,ONLY_C2,5,2,3,10.0,37,444,20.334674747232924,17.045650917041286,-3.290835264360277
SM_100_200cm_mm,100–200 cm,1,ONLY_C2,5,3,4,0.0,33,396,39.588460762915474,28.996395113992236,0.3511440272398818
SM_100_200cm_mm,100–200 cm,1,ONLY_C2,5,4,0,300.0,42,504,34.18027368700232,24.45981126906673,0.1093627115683159
SM_100_200cm_mm,100–200 cm,1,ONLY_C3,5,0,1,300.0,28,336,15.936818579036924,12.300459120694107,-6.695085098852016
SM_100_200cm_mm,100–200 cm,1,ONLY_C3,5,1,2,1000.0,32,384,20.196988547108436,14.634778071241044,0.3240601704418109
SM_100_200cm_mm,100–200 cm,1,ONLY_C3,5,2,3,100.0,37,444,19.3776835708135,16.277053055861938,-2.8964678775911037
SM_100_200cm_mm,100–200 cm,1,ONLY_C3,5,3,4,0.0,33,396,37.34625487083749,26.704163540947967,0.4225622299167656
SM_100_200cm_mm,100–200 cm,1,ONLY_C3,5,4,0,100.0,42,504,32.806312591917305,21.563915595451267,0.17952634706951054
SM_100_200cm_mm,100–200 cm,1,ONLY_C4,5,0,1,1000.0,28,336,16.93889052402131,14.912592859428866,-7.693208417282845
SM_100_200cm_mm,100–200 cm,1,ONLY_C4,5,1,2,1000.0,32,384,23.231712079421378,16.887251372867016,0.10567116654676212
SM_100_200cm_mm,100–200 cm,1,ONLY_C4,5,2,3,100.0,37,444,20.51740830006414,16.81402987724388,-3.3682992583161484
SM_100_200cm_mm,100–200 cm,1,ONLY_C4,5,3,4,300.0,33,396,40.42000029889573,30.2977973719024,0.32359984431773503
SM_100_200cm_mm,100–200 cm,1,ONLY_C4,5,4,0,300.0,42,504,36.47731056775868,25.933248161866818,-0.014367727870545632
SM_100_200cm_mm,100–200 cm,1,DROP_C1,9,0,1,0.0,28,336,14.985461159585483,11.932405689697038,-5.803782067299446
SM_100_200cm_mm,100–200 cm,1,DROP_C1,9,1,2,1000.0,32,384,19.152681226098803,13.24698509925851,0.3921534441403912
SM_100_200cm_mm,100–200 cm,1,DROP_C1,9,2,3,0.0,37,444,20.271719528260988,17.35850045279034,-3.264307933953102
SM_100_200cm_mm,100–200 cm,1,DROP_C1,9,3,4,0.0,33,396,37.981112110058305,25.23730989129998,0.4027633811868532
SM_100_200cm_mm,100–200 cm,1,DROP_C1,9,4,0,30.0,42,504,30.78258855970339,20.58398168766711,0.2776293748643758
SM_100_200cm_mm,100–200 cm,1,DROP_C2,9,0,1,1000.0,28,336,16.530458077514588,13.128703067428322,-7.279039344955487
SM_100_200cm_mm,100–200 cm,1,DROP_C2,9,1,2,1000.0,32,384,19.66559380339849,13.970704771324895,0.35916100829719155
SM_100_200cm_mm,100–200 cm,1,DROP_C2,9,2,3,0.0,37,444,19.247015031647553,16.031519616810545,-2.844095351704615
SM_100_200cm_mm,100–200 cm,1,DROP_C2,9,3,4,0.0,33,396,37.451329001522055,25.7977210177041,0.41930840298745453
SM_100_200cm_mm,100–200 cm,1,DROP_C2,9,4,0,100.0,42,504,31.921942053962052,20.913944275965985,0.2231656660802599
SM_100_200cm_mm,100–200 cm,1,DROP_C3,9,0,1,0.0,28,336,15.860317040605988,12.890744147660387,-6.621384954667454
SM_100_200cm_mm,100–200 cm,1,DROP_C3,9,1,2,1000.0,32,384,21.380736560009247,14.970903972392199,0.24250438286743448
SM_100_200cm_mm,100–200 cm,1,DROP_C3,9,2,3,0.0,37,444,21.518377946520946,18.311356117275558,-3.8049231173233613
SM_100_200cm_mm,100–200 cm,1,DROP_C3,9,3,4,300.0,33,396,41.93987815167788,29.489666971878723,0.27177530410345696
SM_100_200cm_mm,100–200 cm,1,DROP_C3,9,4,0,300.0,42,504,34.49716942253232,24.49399531058302,0.09277141544016754
SM_100_200cm_mm,100–200 cm,1,DROP_C4,9,0,1,30.0,28,336,15.723644732073787,13.093120066589325,-6.490600144915507
SM_100_200cm_mm,100–200 cm,1,DROP_C4,9,1,2,1000.0,32,384,18.084358370186617,13.276018236523228,0.4580727257743443
SM_100_200cm_mm,100–200 cm,1,DROP_C4,9,2,3,100.0,37,444,17.543778763726383,14.848699631215725,-2.19384374325594
SM_100_200cm_mm,100–200 cm,1,DROP_C4,9,3,4,0.0,33,396,43.94292666635125,27.129962095889162,0.20055419019934695
SM_100_200cm_mm,100–200 cm,1,DROP_C4,9,4,0,300.0,42,504,30.183265903115466,20.05876073368623,0.30548399005184546
