target,depth_label,configuration,test_fold,test_region_count,test_sample_count,ensemble_fold_rmse_mm,ensemble_fold_r_squared
SM_0_10cm_mm,0–10 cm,MLP,0,28,336,0.7487295109357417,-2.94888908186038
SM_0_10cm_mm,0–10 cm,MLP,1,32,384,1.266563978466809,0.43980152778879344
SM_0_10cm_mm,0–10 cm,MLP,2,37,444,0.8429578422085824,-1.3049823424740286
SM_0_10cm_mm,0–10 cm,MLP,3,33,396,3.606082678518855,0.18712371783368187
SM_0_10cm_mm,0–10 cm,MLP,4,42,504,2.0806837162467358,0.20144605456201625
SM_0_10cm_mm,0–10 cm,Mean,0,28,336,2.112071302751365,-30.422604891837093
SM_0_10cm_mm,0–10 cm,Mean,1,32,384,1.7086619877115103,-0.019529909614358187
SM_0_10cm_mm,0–10 cm,Mean,2,37,444,1.5483632336617819,-6.776811865308642
SM_0_10cm_mm,0–10 cm,Mean,3,33,396,4.737851378918989,-0.40318831346143336
SM_0_10cm_mm,0–10 cm,Mean,4,42,504,2.3909645110402984,-0.054480087362592355
SM_0_10cm_mm,0–10 cm,PINN_P_lambda10,0,28,336,0.7318495055191726,-2.7728418483085844
SM_0_10cm_mm,0–10 cm,PINN_P_lambda10,1,32,384,1.3793731302393308,0.33556702328221033
SM_0_10cm_mm,0–10 cm,PINN_P_lambda10,2,37,444,0.7363237246254903,-0.7587069497703565
SM_0_10cm_mm,0–10 cm,PINN_P_lambda10,3,33,396,3.6082466522984653,0.18614782742323166
SM_0_10cm_mm,0–10 cm,PINN_P_lambda10,4,42,504,1.9446340697039686,0.30246194888641076
SM_0_10cm_mm,0–10 cm,Ridge,0,28,336,0.7233775297510056,-2.685997713555686
SM_0_10cm_mm,0–10 cm,Ridge,1,32,384,1.2478814856333633,0.45620609209365004
SM_0_10cm_mm,0–10 cm,Ridge,2,37,444,0.8933651059058199,-1.5888915778859554
SM_0_10cm_mm,0–10 cm,Ridge,3,33,396,3.924222818784994,0.03736774381902552
SM_0_10cm_mm,0–10 cm,Ridge,4,42,504,1.9322279237079625,0.3113337000518366
SM_100_200cm_mm,100–200 cm,MLP,0,28,336,11.321093795474825,-2.8831765285124957
SM_100_200cm_mm,100–200 cm,MLP,1,32,384,24.53067591152976,0.0028653825912476893
SM_100_200cm_mm,100–200 cm,MLP,2,37,444,11.614775541644349,-0.39987429869845625
SM_100_200cm_mm,100–200 cm,MLP,3,33,396,38.46442268700599,0.387466968939297
SM_100_200cm_mm,100–200 cm,MLP,4,42,504,30.32054187289011,0.29915221060803965
SM_100_200cm_mm,100–200 cm,Mean,0,28,336,34.003182249581805,-34.03075384395796
SM_100_200cm_mm,100–200 cm,Mean,1,32,384,24.57441070971964,-0.0006932927792151489
SM_100_200cm_mm,100–200 cm,Mean,2,37,444,22.608893805783232,-4.304274918317275
SM_100_200cm_mm,100–200 cm,Mean,3,33,396,61.178311635423846,-0.5495516291323386
SM_100_200cm_mm,100–200 cm,Mean,4,42,504,38.31925033115614,-0.11939612430624691
SM_100_200cm_mm,100–200 cm,PINN_P_lambda10,0,28,336,11.261328675345156,-2.842285439058583
SM_100_200cm_mm,100–200 cm,PINN_P_lambda10,1,32,384,22.987992621037506,0.1243372765737808
SM_100_200cm_mm,100–200 cm,PINN_P_lambda10,2,37,444,11.308789652983025,-0.3270877783310391
SM_100_200cm_mm,100–200 cm,PINN_P_lambda10,3,33,396,40.33755933447474,0.326356209907238
SM_100_200cm_mm,100–200 cm,PINN_P_lambda10,4,42,504,29.139303639627688,0.3526962415141579
SM_100_200cm_mm,100–200 cm,Ridge,0,28,336,12.868146315577153,-4.016979628141095
SM_100_200cm_mm,100–200 cm,Ridge,1,32,384,16.615432277904482,0.5425348091885395
SM_100_200cm_mm,100–200 cm,Ridge,2,37,444,15.374978172298535,-1.4529935887108927
SM_100_200cm_mm,100–200 cm,Ridge,3,33,396,48.52764348898517,0.025033977141235342
SM_100_200cm_mm,100–200 cm,Ridge,4,42,504,29.239488111658016,0.34823757175201053
SM_10_40cm_mm,10–40 cm,MLP,0,28,336,2.23229582853123,-2.805453783326685
SM_10_40cm_mm,10–40 cm,MLP,1,32,384,4.327485819489031,0.3866017956919152
SM_10_40cm_mm,10–40 cm,MLP,2,37,444,2.738818496254302,-1.550152016488577
SM_10_40cm_mm,10–40 cm,MLP,3,33,396,12.682133078395168,0.036948579422825034
SM_10_40cm_mm,10–40 cm,MLP,4,42,504,7.014567554665512,0.13770589004855138
SM_10_40cm_mm,10–40 cm,Mean,0,28,336,6.762202563232083,-33.92040794035243
SM_10_40cm_mm,10–40 cm,Mean,1,32,384,5.572366750034681,-0.017069375592005498
SM_10_40cm_mm,10–40 cm,Mean,2,37,444,4.9017957536143895,-7.168644351090482
SM_10_40cm_mm,10–40 cm,Mean,3,33,396,15.283654784437093,-0.39868302213470974
SM_10_40cm_mm,10–40 cm,Mean,4,42,504,7.747877408853739,-0.0520081304813762
SM_10_40cm_mm,10–40 cm,PINN_P_lambda10,0,28,336,2.755707712320067,-4.799215664369609
SM_10_40cm_mm,10–40 cm,PINN_P_lambda10,1,32,384,4.490153899565165,0.3396204032608079
SM_10_40cm_mm,10–40 cm,PINN_P_lambda10,2,37,444,3.1596263610830735,-2.3939936276502767
SM_10_40cm_mm,10–40 cm,PINN_P_lambda10,3,33,396,11.91136071812191,0.1504525949914417
SM_10_40cm_mm,10–40 cm,PINN_P_lambda10,4,42,504,6.538988752684418,0.25066710850937546
SM_10_40cm_mm,10–40 cm,Ridge,0,28,336,2.2250572551522856,-2.780814221786342
SM_10_40cm_mm,10–40 cm,Ridge,1,32,384,4.341416792402827,0.3826461556430164
SM_10_40cm_mm,10–40 cm,Ridge,2,37,444,2.8218362896490183,-1.7070931140266037
SM_10_40cm_mm,10–40 cm,Ridge,3,33,396,13.056737745221279,-0.020784874198023218
SM_10_40cm_mm,10–40 cm,Ridge,4,42,504,6.619881926012302,0.23201258730416663
SM_40_100cm_mm,40–100 cm,MLP,0,28,336,5.851347478404585,-4.614006470801834
SM_40_100cm_mm,40–100 cm,MLP,1,32,384,9.283102366120607,0.39714197242320515
SM_40_100cm_mm,40–100 cm,MLP,2,37,444,6.5633112630266925,-1.686087955320613
SM_40_100cm_mm,40–100 cm,MLP,3,33,396,24.074264782398846,0.24694718962509432
SM_40_100cm_mm,40–100 cm,MLP,4,42,504,15.154780570915833,0.2158177333591742
SM_40_100cm_mm,40–100 cm,Mean,0,28,336,15.589718545067033,-38.85085830675381
SM_40_100cm_mm,40–100 cm,Mean,1,32,384,11.982471840699002,-0.00443445855507929
SM_40_100cm_mm,40–100 cm,Mean,2,37,444,10.811081024656357,-6.288068935255177
SM_40_100cm_mm,40–100 cm,Mean,3,33,396,33.390054333981105,-0.4486171401181889
SM_40_100cm_mm,40–100 cm,Mean,4,42,504,17.679405740370463,-0.06721774517284285
SM_40_100cm_mm,40–100 cm,PINN_P_lambda10,0,28,336,8.514738558896168,-10.887862300466388
SM_40_100cm_mm,40–100 cm,PINN_P_lambda10,1,32,384,9.725017126925197,0.338378638037949
SM_40_100cm_mm,40–100 cm,PINN_P_lambda10,2,37,444,4.8047601768729455,-0.4395198504745239
SM_40_100cm_mm,40–100 cm,PINN_P_lambda10,3,33,396,25.203458406769567,0.1746471693680196
SM_40_100cm_mm,40–100 cm,PINN_P_lambda10,4,42,504,14.412436790484508,0.2907611071535219
SM_40_100cm_mm,40–100 cm,Ridge,0,28,336,5.553485821585614,-4.056994314759164
SM_40_100cm_mm,40–100 cm,Ridge,1,32,384,9.050712483486041,0.42694763818834636
SM_40_100cm_mm,40–100 cm,Ridge,2,37,444,6.685325577082649,-1.7868869512035923
SM_40_100cm_mm,40–100 cm,Ridge,3,33,396,27.91786427675679,-0.01270685833073082
SM_40_100cm_mm,40–100 cm,Ridge,4,42,504,14.37042135118177,0.2948902559954131
