component_count,run_index,random_seed,rss,relative_error,explained_variance,iterations,converged,mean_component_stability,minimum_component_stability
3,0,20290806,35717.06298517002,0.0534412734783941,0.9902944517222848,287,True,0.9992961452725666,0.9985097000969873
3,1,20290807,35717.06298368807,0.053441273477285424,0.9902944517226875,356,True,0.9963440894435566,0.9938668798927339
3,2,20290808,35717.06318401174,0.05344127362715151,0.9902944516682527,1492,True,0.9982562983755349,0.9952429337117638
3,3,20290809,35717.0629856805,0.05344127347877601,0.990294451722146,308,True,0.9998453523091874,0.9995862447228655
3,4,20290810,35717.06312611848,0.053441273583840425,0.9902944516839842,2211,True,0.9981108967349309,0.9948059614272475
3,5,20290811,35717.06298570056,0.05344127347879102,0.9902944517221406,280,True,0.9985354799395724,0.9966720700173483
3,6,20290812,35717.06298379012,0.053441273477361786,0.9902944517226597,289,True,0.9993466522069759,0.9986184450441807
3,7,20290813,35717.06298644313,0.05344127347934655,0.9902944517219389,273,True,0.9979082286319833,0.9951041660376547
3,8,20290814,35717.06312482884,0.05344127358287562,0.9902944516843347,1534,True,0.9986999100467425,0.9965729830363296
3,9,20290815,35717.06298783774,0.05344127348038988,0.9902944517215598,317,True,0.9972510077259983,0.9938666180390315
3,10,20290816,35717.062983887314,0.05344127347743449,0.9902944517226333,284,True,0.9987800015991007,0.9969809164507237
3,11,20290817,35717.062989041755,0.05344127348129062,0.9902944517212326,433,True,0.9961241867194838,0.9938665750671882
3,12,20290818,35717.06319522975,0.05344127363554393,0.9902944516652044,3055,True,0.9932748118023015,0.9802986090785365
3,13,20290819,35717.06298406154,0.05344127347756484,0.990294451722586,298,True,0.9998420280812041,0.9995856878138346
3,14,20290820,35717.06298508629,0.05344127347833147,0.9902944517223076,304,True,0.9999269092271819,0.9997845200614236
3,15,20290821,35717.06312207627,0.05344127358081636,0.9902944516850827,1898,True,0.9982238978594081,0.995144907256746
3,16,20290822,35717.06298615986,0.053441273479134625,0.9902944517220158,441,True,0.9961234326475462,0.9938667883925678
3,17,20290823,35717.06298830581,0.053441273480740056,0.9902944517214327,477,True,0.9960066456535838,0.9938663953952592
3,18,20290824,35717.06298278348,0.0534412734766087,0.9902944517229333,303,True,0.9998509367665881,0.9998002780700358
3,19,20290825,35717.062984488046,0.05344127347788391,0.9902944517224701,306,True,0.9999796815590916,0.9999394422947696
3,20,20290826,35717.0629848524,0.05344127347815649,0.9902944517223711,416,True,0.9961257136651174,0.9938668522497258
3,21,20290827,35717.063118785634,0.05344127357835457,0.9902944516859769,1493,True,0.9979363487376256,0.9942822108904927
3,22,20290828,35717.06298809862,0.05344127348058504,0.990294451721489,316,True,0.9969540949512311,0.993866628410596
3,23,20290829,35717.063149842645,0.053441273601588936,0.9902944516775376,2151,True,0.9982219282362673,0.9951393847603405
3,24,20290830,35717.06298278702,0.053441273476611345,0.9902944517229323,298,True,0.9995746247056535,0.9989784657697075
3,25,20290831,35717.062982682575,0.053441273476533206,0.9902944517229607,307,True,0.9999846879864206,0.9999554101549841
3,26,20290832,35717.0629831303,0.05344127347686815,0.990294451722839,284,True,0.9983330943536372,0.9963157756173391
3,27,20290833,35717.063217620656,0.053441273652295,0.99029445165912,1190,True,0.9983613343431785,0.9955584371918264
3,28,20290834,35717.06298563411,0.053441273478741294,0.9902944517221587,301,True,0.999997703832352,0.9999937760888191
3,29,20290835,35717.062984684744,0.053441273478031064,0.9902944517224166,301,True,0.9999673426757821,0.9999596396648849
3,30,20290836,35717.06318033959,0.053441273624404304,0.9902944516692506,1524,True,0.998211338283174,0.9951080079002813
3,31,20290837,35717.06298463197,0.05344127347799158,0.990294451722431,303,True,0.9999777901718074,0.9999643753440502
3,32,20290838,35717.062983347976,0.053441273477030996,0.9902944517227799,344,True,0.9966361417674031,0.9938669380808018
3,33,20290839,35717.06315234558,0.05344127360346144,0.9902944516768575,2964,True,0.9944541190052986,0.9838359915183222
3,34,20290840,35717.06322462369,0.05344127365753411,0.990294451657217,3014,True,0.9946370342435772,0.9843856151408528
3,35,20290841,35717.06317115909,0.05344127361753619,0.9902944516717451,3098,True,0.9933634713661809,0.9805642918311209
3,36,20290842,35717.06298837253,0.053441273480789954,0.9902944517214145,296,True,0.9999776492368658,0.999933012341464
3,37,20290843,35717.063127969566,0.053441273585225255,0.9902944516834813,3100,True,0.9944122356662254,0.9837100056952568
3,38,20290844,35717.0629874537,0.05344127348010257,0.9902944517216642,407,True,0.9961234509036658,0.9938666122791268
3,39,20290845,35717.063139597834,0.053441273593924594,0.9902944516803215,3090,True,0.9946407590255953,0.9843957395394826
3,40,20290846,35717.062986084915,0.05344127347907856,0.9902944517220361,328,True,0.9965586143647439,0.9938666773863056
3,41,20290847,35717.062985246856,0.05344127347845158,0.9902944517222639,339,True,0.9963331706357845,0.9938668063886653
3,42,20290848,35717.062986019795,0.053441273479029855,0.9902944517220539,317,True,0.9970435407873687,0.9938667643865096
3,43,20290849,35717.06298791866,0.053441273480450406,0.9902944517215378,408,True,0.9961216928431372,0.9938665845543757
3,44,20290850,35717.06316266031,0.053441273611178085,0.9902944516740546,2044,True,0.9981474950358981,0.9949162552368828
3,45,20290851,35717.06298619836,0.05344127347916343,0.9902944517220054,273,True,0.9976000880043226,0.9943028638627779
3,46,20290852,35717.06298607508,0.053441273479071204,0.9902944517220388,323,True,0.9967179543824095,0.993866741810293
3,47,20290853,35717.06298406604,0.05344127347756821,0.9902944517225848,297,True,0.9998576803740319,0.9996303511012801
3,48,20290854,35717.06298493731,0.05344127347822,0.990294451722348,298,True,0.9998585237091048,0.9998449432337302
3,49,20290855,35717.063207046944,0.053441273644384585,0.9902944516619933,3170,True,0.9887685976422999,0.9667801051575875
3,50,20290856,35717.062986496574,0.05344127347938653,0.9902944517219243,280,True,0.998808098229501,0.9969074560748288
3,51,20290857,35717.062987505495,0.05344127348014132,0.9902944517216501,308,True,0.9997883987662427,0.9993770696846773
3,52,20290858,35717.06317197492,0.05344127361814652,0.9902944516715235,1233,True,0.9981772784269859,0.9950057233721011
3,53,20290859,35717.062983404896,0.05344127347707358,0.9902944517227644,481,True,0.9960420653287413,0.9938668126817888
3,54,20290860,35717.06298482146,0.05344127347813336,0.9902944517223795,404,True,0.9961242634733999,0.9938668599892482
3,55,20290861,35717.062987512574,0.053441273480146614,0.9902944517216482,318,True,0.9971598014138836,0.9938666775501884
3,56,20290862,35717.06314571738,0.05344127359850274,0.9902944516786586,2994,True,0.9946055075643453,0.9842900687787298
3,57,20290863,35717.06298718047,0.05344127347989816,0.9902944517217385,454,True,0.996111901632374,0.9938665538590074
3,58,20290864,35717.06299019328,0.053441273482152114,0.9902944517209198,317,True,0.9966823384529356,0.9938665141286153
3,59,20290865,35717.06298581016,0.05344127347887302,0.9902944517221108,304,True,0.9999869217790703,0.9999627167081057
3,60,20290866,35717.06298330511,0.053441273476998945,0.9902944517227915,411,True,0.996122717364019,0.9938668948036222
3,61,20290867,35717.063134306896,0.05344127358996633,0.9902944516817592,2342,True,0.998218559665557,0.9951290676338128
3,62,20290868,35717.06315847466,0.05344127360804672,0.9902944516751919,2990,True,0.9954305735870698,0.9867654361817786
3,63,20290869,35717.0629874508,0.0534412734801004,0.990294451721665,286,True,0.9992431170931466,0.998002541536724
3,64,20290870,35717.06298545164,0.05344127347860479,0.9902944517222082,325,True,0.9966982634479326,0.9938668480420177
3,65,20290871,35717.06298373036,0.05344127347731706,0.9902944517226759,325,True,0.9973421705588629,0.9938669309353302
3,66,20290872,35717.06298558726,0.05344127347870626,0.9902944517221713,304,True,0.9999334627554765,0.9998015323714851
3,67,20290873,35717.06298843643,0.05344127348083777,0.9902944517213972,279,True,0.999079397266649,0.9980840092624181
3,68,20290874,35717.06298668348,0.05344127347952637,0.9902944517218735,317,True,0.9972983389758311,0.9938667872648247
3,69,20290875,35717.06298823851,0.05344127348068971,0.9902944517214509,311,True,0.9990906136745835,0.9975069924337564
3,70,20290876,35717.062985494806,0.05344127347863708,0.9902944517221965,305,True,0.9998437379485275,0.9995578535512625
3,71,20290877,35717.063120381885,0.053441273579548754,0.9902944516855431,3151,True,0.9945791444408368,0.9842106225972583
3,72,20290878,35717.06298374245,0.053441273477326114,0.9902944517226727,463,True,0.996120867863536,0.9938668079571078
3,73,20290879,35717.062982448275,0.05344127347635792,0.9902944517230243,306,True,1.0,0.9999999999999998
3,74,20290880,35717.06298618769,0.05344127347915545,0.9902944517220083,384,True,0.9961391828119511,0.9938667444801477
3,75,20290881,35717.063216093215,0.05344127365115229,0.990294451659535,2903,True,0.9954880069316024,0.9869384378429911
3,76,20290882,35717.06298509045,0.05344127347833458,0.9902944517223063,301,True,0.9999729623815844,0.9999561532551321
3,77,20290883,35717.06298424884,0.05344127347770495,0.990294451722535,273,True,0.9976430022569324,0.9946043625481692
3,78,20290884,35717.06298968619,0.05344127348177273,0.9902944517210576,393,True,0.9961265776611216,0.9938665433651785
3,79,20290885,35717.063120374296,0.05344127357954308,0.9902944516855451,2129,True,0.9979762622418455,0.9944019753723414
3,80,20290886,35717.063166852306,0.05344127361431419,0.9902944516729155,2947,True,0.99422735125501,0.9831558771713648
3,81,20290887,35717.06315646952,0.05344127360654664,0.9902944516757368,1250,True,0.9977767106318884,0.9938038209432011
3,82,20290888,35717.063154292984,0.05344127360491832,0.9902944516763282,2244,True,0.9977222789829119,0.9936404978169023
3,83,20290889,35717.06318556472,0.053441273628313316,0.9902944516678307,3090,True,0.9923306063892231,0.9774658763957597
3,84,20290890,35717.06298654941,0.05344127347942605,0.9902944517219099,314,True,0.9984722382206844,0.9958532967391016
3,85,20290891,35717.062984081225,0.05344127347757954,0.9902944517225807,318,True,0.999401819157656,0.998254441329559
3,86,20290892,35717.06298744096,0.053441273480093046,0.9902944517216676,298,True,0.9999787384287094,0.9999748157117043
3,87,20290893,35717.063133143354,0.053441273589095874,0.9902944516820753,2357,True,0.9976458765326622,0.9934110014017354
3,88,20290894,35717.062984992386,0.05344127347826122,0.990294451722333,403,True,0.9961269281454769,0.9938668189533134
3,89,20290895,35717.06298318305,0.05344127347690761,0.9902944517228247,370,True,0.9962017171763516,0.9938669743703087
3,90,20290896,35717.06298595107,0.053441273478978424,0.9902944517220725,451,True,0.99612054305986,0.9938664794535921
3,91,20290897,35717.06298778283,0.05344127348034881,0.9902944517215748,322,True,0.9968940042050572,0.9938666813755636
3,92,20290898,35717.062985242854,0.05344127347844859,0.9902944517222649,426,True,0.9961212297726472,0.9938667360608813
3,93,20290899,35717.06298823491,0.053441273480687015,0.9902944517214519,404,True,0.9961229734040088,0.9938666735280907
3,94,20290900,35717.062988134276,0.053441273480611735,0.9902944517214792,404,True,0.9961250244045446,0.9938665751424194
3,95,20290901,35717.0629842083,0.05344127347767461,0.9902944517225462,402,True,0.9961248723820703,0.9938669065441385
3,96,20290902,35717.06298751059,0.05344127348014513,0.9902944517216488,316,True,0.9972433099215197,0.9938666026795728
3,97,20290903,35717.06298547615,0.05344127347862314,0.9902944517222015,276,True,0.9975553195538515,0.9940018075301045
3,98,20290904,35717.06318939502,0.05344127363117884,0.9902944516667899,2315,True,0.9971456317907937,0.9919109992840576
3,99,20290905,35717.06298546072,0.0534412734786116,0.9902944517222058,418,True,0.9961228816522728,0.9938667534549608
4,0,20300806,18781.936681212395,0.0387533378782923,0.9948963050717752,9974,True,0.9992739606344173,0.9986249579785947
4,1,20300807,18781.936529848892,0.03875333772213585,0.9948963051129058,9683,True,0.9998024883510532,0.9993530661398984
4,2,20300808,18781.936881497044,0.03875333808491898,0.994896305017351,16573,True,0.9975147652073969,0.9963706039349839
4,3,20300809,18781.936359010673,0.03875333754588801,0.9948963051593285,5466,True,0.9976037660085111,0.9940034953250761
4,4,20300810,18781.936640933192,0.038753337836737636,0.9948963050827204,14365,True,0.9998651867199718,0.9995036680076914
4,5,20300811,18781.93708020723,0.038753338289921356,0.9948963049633547,16985,True,0.9992179428223854,0.9972514109946934
4,6,20300812,18781.982476946192,0.03875338512412465,0.9948962926275072,20000,False,0.9950522893917244,0.9829270527652924
4,7,20300813,18781.936729643676,0.03875333792825715,0.9948963050586148,14125,True,0.9968260976707746,0.9939019280032124
4,8,20300814,18781.936518428527,0.03875333771035386,0.9948963051160091,8194,True,0.9994406307594539,0.9984490144186018
4,9,20300815,18781.936643751407,0.0387533378396451,0.9948963050819546,12958,True,0.9999824532813755,0.9999376981319266
4,10,20300816,18781.93640542907,0.038753337593776256,0.994896305146715,8348,True,0.9994598773359094,0.9981340493444861
4,11,20300817,18781.936273379222,0.038753337457545035,0.9948963051825974,9142,True,0.9985146229428427,0.9967657044385863
4,12,20300818,18781.936660309777,0.03875333785672779,0.9948963050774552,7664,True,0.9960042482977214,0.9923472828433397
4,13,20300819,18781.93654821361,0.03875333774108208,0.9948963051079155,8670,True,0.9996205078310508,0.9986875203895923
4,14,20300820,18781.93659220412,0.03875333778646555,0.9948963050959618,16115,True,0.9979230722074104,0.9963718504961413
4,15,20300821,18781.936640291333,0.03875333783607547,0.9948963050828948,9891,True,0.9983998595752095,0.9963761959662322
4,16,20300822,18781.93666094159,0.03875333785737961,0.9948963050772834,17740,True,0.9976763545208645,0.9961392473876741
4,17,20300823,18782.140170655628,0.03875354781068432,0.99489624977673,20000,False,0.9949802574883874,0.9865787333777815
4,18,20300824,18781.937358018877,0.03875333857652993,0.9948963048878637,16762,True,0.9990878249918698,0.9967472042185228
4,19,20300825,18781.936331576362,0.038753337517585,0.9948963051667833,7133,True,0.9976146109670166,0.9963775234161268
4,20,20300826,18781.93689849648,0.0387533381024567,0.9948963050127317,13996,True,0.9998155390110004,0.9993248771059765
4,21,20300827,18781.9401009578,0.03875334140632418,0.9948963041425134,20000,False,0.9973628605174526,0.9908795247404993
4,22,20300828,18781.936467793636,0.0387533376581156,0.9948963051297683,13265,True,0.999478126465692,0.9986650823676866
4,23,20300829,18781.93669565844,0.038753337893195766,0.9948963050678498,18359,True,0.9985853070768428,0.9949086979875528
4,24,20300830,18786.723788430405,0.03875827625517831,0.9948950042509257,20000,False,0.9913177851704995,0.972139524716982
4,25,20300831,18781.93637295838,0.03875333756027737,0.9948963051555384,5386,True,0.9964440914691893,0.9945638964808727
4,26,20300832,18781.936205173046,0.0387533373871791,0.9948963052011314,14224,True,1.0,0.9999999999999998
4,27,20300833,18781.936559482667,0.03875333775270799,0.9948963051048534,12598,True,0.999983038097538,0.9999391756446423
4,28,20300834,18781.937313363436,0.038753338530460466,0.9948963048999981,14130,True,0.9467225357299645,0.8837378445995401
4,29,20300835,18781.936480642617,0.03875333767137146,0.9948963051262769,17608,True,0.9993945296538174,0.9978493361235967
4,30,20300836,18781.93735669954,0.03875333857516882,0.9948963048882222,16642,True,0.9993098889807139,0.9975519610932785
4,31,20300837,18781.936445811698,0.0387533376354376,0.9948963051357417,12317,True,0.9999951467914688,0.9999909857913585
4,32,20300838,18781.936256789195,0.03875333744042967,0.9948963051871055,9903,True,0.9985781005003223,0.9966608340503639
4,33,20300839,18781.936329958975,0.038753337515916385,0.9948963051672228,7998,True,0.9991321695988913,0.9973505930096533
4,34,20300840,18781.937208200397,0.038753338421967425,0.9948963049285745,15017,True,0.9995512646446043,0.9984236335477437
4,35,20300841,18781.936831971914,0.03875333803382562,0.9948963050308087,11999,True,0.9999895529326995,0.9999659215948972
4,36,20300842,18781.936363730223,0.038753337550757,0.994896305158046,8810,True,0.9995432801833788,0.9983747020586079
4,37,20300843,18781.936826216606,0.038753338027888086,0.9948963050323726,16302,True,0.9975473828921108,0.9963703000574198
4,38,20300844,18781.936299038207,0.03875333748401651,0.994896305175625,7898,True,0.998620683136048,0.9974427599682215
4,39,20300845,18781.9464040851,0.03875334790903962,0.9948963024297379,20000,False,0.9963626756480146,0.9872173682433003
4,40,20300846,18781.936717108314,0.03875333791532486,0.9948963050620211,11987,True,0.9999890130016081,0.9999584670952744
4,41,20300847,18781.93654219211,0.038753337734869914,0.9948963051095517,9380,True,0.9997737450050825,0.9992659079660547
4,42,20300848,18781.936941962907,0.038753338147299504,0.9948963050009204,12745,True,0.9999667658445386,0.9998773065914159
4,43,20300849,18781.93664707142,0.03875333784307024,0.9948963050810525,10412,True,0.9999163571521675,0.9997231075006547
4,44,20300850,18781.94177578152,0.038753343134181197,0.9948963036874064,20000,False,0.9939532657870214,0.9898134044442688
4,45,20300851,18781.93716387902,0.03875333837624261,0.9948963049406182,17876,True,0.9990420398069225,0.9966230396263237
4,46,20300852,18781.937225361988,0.03875333843967245,0.9948963049239111,17820,True,0.9988555795939861,0.9960214855141117
4,47,20300853,18781.936348943273,0.038753337535501836,0.9948963051620641,7364,True,0.9990743084651819,0.9967640678417259
4,48,20300854,18781.9364199139,0.038753337608719754,0.9948963051427789,13299,True,0.9999856763777637,0.9999472818060752
4,49,20300855,18781.936340141852,0.03875333752642171,0.9948963051644557,10365,True,0.999818766067754,0.9993539893345936
4,50,20300856,18781.937232416167,0.038753338446949996,0.9948963049219943,19585,True,0.9983884122372457,0.9944139103173266
4,51,20300857,18781.937925136586,0.03875333916160548,0.9948963047337585,18764,True,0.9474728873950571,0.8755193709050437
4,52,20300858,18796.25721541006,0.038768109058824225,0.9948924136925743,20000,False,0.9824141206292067,0.9648299537147027
4,53,20300859,18781.93673296891,0.038753337931687684,0.9948963050577112,13618,True,0.9999181488061387,0.9997037492953164
4,54,20300860,18781.93654518082,0.03875333773795327,0.9948963051087396,9285,True,0.9997487269270486,0.9991433500283766
4,55,20300861,18781.93802378156,0.03875333926337405,0.9948963047069532,20000,False,0.9979439091074046,0.9928857773006625
4,56,20300862,18781.936395177,0.03875333758319955,0.9948963051495008,8660,True,0.9993880493776122,0.9982558038875212
4,57,20300863,18781.936317221596,0.038753337502775674,0.994896305170684,8173,True,0.999220098576869,0.9972418683717353
4,58,20300864,18781.93641606671,0.038753337604750734,0.9948963051438243,10444,True,0.9998401482183245,0.9995662597205657
4,59,20300865,18781.936783841258,0.03875333798417091,0.9948963050438875,7973,True,0.9994781982264305,0.9987988300681938
4,60,20300866,18781.984216054054,0.03875338691829934,0.994896292154932,20000,False,0.995012491862949,0.9827946680717283
4,61,20300867,18781.936447142172,0.038753337636810214,0.9948963051353801,10461,True,0.999881416985422,0.9995755545383971
4,62,20300868,18782.316699551506,0.0387537299279742,0.9948962018077879,20000,False,0.9936451506678528,0.977717355526814
4,63,20300869,18781.936885441806,0.03875333808898865,0.9948963050162791,19794,True,0.9975439978654596,0.9927771758348831
4,64,20300870,18781.93630083911,0.03875333748587444,0.9948963051751356,9951,True,0.9988066840147669,0.9970735108959063
4,65,20300871,18781.936329174787,0.03875333751510736,0.9948963051674359,8720,True,0.9994704377825433,0.9981361266096191
4,66,20300872,18781.936861490485,0.0387533380642789,0.9948963050227875,11374,True,0.9999883354961323,0.999977603599947
4,67,20300873,18781.936375909052,0.038753337563321485,0.9948963051547366,7062,True,0.99903354610653,0.996727069744992
4,68,20300874,18781.93667791225,0.03875333787488764,0.994896305072672,16790,True,0.999489939456961,0.9981760104220974
4,69,20300875,18782.510312666927,0.038753929669336495,0.994896149196479,20000,False,0.9935484968669039,0.9772554791301792
4,70,20300876,18781.93655748982,0.038753337750652025,0.9948963051053948,8153,True,0.9991233269648966,0.9981238955195625
4,71,20300877,18781.936301999493,0.03875333748707157,0.9948963051748203,9444,True,0.9992306620057816,0.9983144759308107
4,72,20300878,18781.93652824568,0.03875333772048187,0.9948963051133415,8167,True,0.9991055981968792,0.9977770440832782
4,73,20300879,18781.936305262912,0.03875333749043833,0.9948963051739336,9156,True,0.9961993200849442,0.9922812827444438
4,74,20300880,18781.998887009242,0.03875340205378995,0.9948962881683315,20000,False,0.9946695896051994,0.9815889685636003
4,75,20300881,18781.936256504057,0.03875333744013552,0.994896305187183,6269,True,0.998130819896478,0.9946579317946878
4,76,20300882,18781.937271382398,0.03875333848715009,0.9948963049114058,19434,True,0.9982100105848096,0.9938405589415117
4,77,20300883,18782.327105117278,0.03875374066292336,0.9948961989802396,20000,False,0.9937475403282301,0.9781108025685918
4,78,20300884,18781.937179962202,0.03875333839283507,0.9948963049362478,14395,True,0.9997023944878537,0.9989360484790538
4,79,20300885,18781.936483106878,0.03875333767391374,0.9948963051256072,7843,True,0.9969391222685405,0.9944002416471632
4,80,20300886,18781.93640935434,0.03875333759782582,0.9948963051456483,14497,True,0.999889168691247,0.9995930300703629
4,81,20300887,18781.936494139605,0.03875333768529581,0.9948963051226093,9695,True,0.9997826155146603,0.9992502280672994
4,82,20300888,18781.93792369518,0.03875333916011842,0.9948963047341501,20000,False,0.9456197779876934,0.874877987273196
4,83,20300889,18781.936723276784,0.038753337921688655,0.9948963050603449,19843,True,0.9986815217378053,0.9953714354341338
4,84,20300890,18781.936519038078,0.038753337710982695,0.9948963051158435,11267,True,0.9999706603846251,0.999926633634645
4,85,20300891,18781.936966782258,0.03875333817290475,0.9948963049941761,14371,True,0.9079380094934663,0.8433008536525111
4,86,20300892,18781.936441287795,0.03875333763077045,0.9948963051369709,8986,True,0.9995989566869075,0.998645515750438
4,87,20300893,18781.936719976293,0.03875333791828366,0.9948963050612417,14443,True,0.99932347683356,0.9977478573740052
4,88,20300894,18781.936391053314,0.038753337578945286,0.9948963051506213,7145,True,0.9986912285265648,0.9964718573128005
4,89,20300895,18781.936247087404,0.038753337430420684,0.9948963051897418,10034,True,0.9976196208219249,0.996378332509278
4,90,20300896,18781.93719210839,0.03875333840536586,0.9948963049329473,15790,True,0.9994485685570743,0.9980637685069164
4,91,20300897,18781.936459600634,0.038753337649663176,0.9948963051319947,14740,True,0.9998164870569741,0.9993881493100037
4,92,20300898,18781.93634096913,0.03875333752727519,0.994896305164231,10704,True,0.9998685473672073,0.9995352890983216
4,93,20300899,18781.93676459844,0.03875333796431876,0.9948963050491164,9401,True,0.9996203353084815,0.9992524578638932
4,94,20300900,18781.937014085925,0.038753338221706304,0.9948963049813221,19019,True,0.9987278339831545,0.9955473557898326
4,95,20300901,18781.93655858848,0.03875333775178549,0.9948963051050963,5523,True,0.9756368606476008,0.9175639655570507
4,96,20300902,18781.936226100355,0.038753337408769066,0.9948963051954447,8923,True,0.9994079607933226,0.9978623865291419
4,97,20300903,18781.936587400116,0.03875333778150944,0.9948963050972672,11692,True,0.9999871766017965,0.999974004397571
4,98,20300904,18781.93633772638,0.038753337523929746,0.9948963051651121,10205,True,0.9998044035551732,0.9993062401289726
4,99,20300905,18781.936631932538,0.03875333782745199,0.9948963050851662,12313,True,0.9989676791311318,0.997494399520525
