component_count,run_index,random_seed,rss,relative_frobenius_error,explained_variance,iterations,converged,convergence_warning,mean_component_stability,minimum_component_stability
2,0,20280805,128702.44126466579,0.1014453911887923,0.9650271424144625,310,True,False,0.9998306839780559,0.9996613687770749
2,1,20280806,128702.46949635612,0.10144540231513413,0.9650271347429461,400,True,False,0.9998068942434013,0.9996137917335494
2,2,20280807,128702.50154145717,0.10144541494437108,0.9650271260351956,620,True,False,0.9933949720495774,0.9867899474309298
2,3,20280808,128702.51509658233,0.10144542028655651,0.9650271223518042,680,True,False,0.9879742906815034,0.9759485847113917
2,4,20280809,128702.53197100562,0.10144542693690405,0.965027117766446,640,True,False,0.990214311866961,0.9804286271599705
2,5,20280810,128702.4702120176,0.1014454025971822,0.9650271345484764,560,True,False,0.9985061790437753,0.9970123613496592
2,6,20280811,128702.5241212597,0.10144542384325536,0.9650271198994905,550,True,False,0.9921652327052402,0.984330468812687
2,7,20280812,128702.48686938464,0.10144540916198724,0.9650271300220998,640,True,False,0.9974530792147771,0.9949061617464782
2,8,20280813,128702.40583411336,0.10144537722531785,0.9650271520421561,420,True,False,1.0,0.9999999999999999
2,9,20280814,128702.47121286273,0.10144540299162348,0.9650271342765125,540,True,False,0.9985047651348355,0.9970095335363315
2,10,20280815,128702.40881944688,0.10144537840186262,0.9650271512309389,300,True,False,0.993464583968922,0.9869291687967969
2,11,20280816,128702.50784119534,0.10144541742714934,0.9650271243233411,640,True,False,0.9901698850217129,0.9803397733769441
2,12,20280817,128702.47077798504,0.10144540282023462,0.9650271343946837,460,True,False,0.9994413884878308,0.9988827802629712
2,13,20280818,128702.47703928595,0.10144540528786473,0.965027132693274,480,True,False,0.9997445219576488,0.999489047255866
2,14,20280819,128702.50542312341,0.10144541647416745,0.9650271249804141,620,True,False,0.9921327022566996,0.984265407850842
2,15,20280820,128702.47667946485,0.10144540514605628,0.9650271327910497,460,True,False,0.9991211501406121,0.9982423035841639
2,16,20280821,128702.48649424137,0.1014454090141402,0.9650271301240391,530,True,False,0.9989327745567045,0.9978655524624995
2,17,20280822,128702.52013326311,0.10144542227155344,0.9650271209831657,720,True,False,0.9838296182061312,0.9676592397599657
2,18,20280823,128702.47737826868,0.1014454054214606,0.9650271326011608,540,True,False,0.9977714334543284,0.9955428701886815
2,19,20280824,128702.42853882286,0.10144538617343232,0.9650271458725096,290,True,False,0.999912809940816,0.9998256207459605
2,20,20280825,128702.4202707382,0.10144538291491162,0.9650271481192311,350,True,False,0.9926454174660695,0.9852908391235962
2,21,20280826,128702.45204586927,0.10144539543775358,0.9650271394848406,420,True,False,0.9996361754523673,0.9992723542031369
2,22,20280827,128702.4699777573,0.10144540250485828,0.965027134612133,400,True,False,0.9999706093175161,0.9999412218858581
2,23,20280828,128702.44038240646,0.10144539084108661,0.9650271426542025,310,True,False,0.999894018036768,0.9997880366711399
2,24,20280829,128702.4518701723,0.10144539536850997,0.9650271395325835,460,True,False,0.9999090990504689,0.9998182013704958
2,25,20280830,128702.5494661005,0.10144543383186284,0.9650271130124299,670,True,False,0.9825573585250709,0.9651147204947906
2,26,20280831,128702.48040207315,0.10144540661316677,0.9650271317794896,490,True,False,0.9987682488983463,0.9975365011110445
2,27,20280832,128702.41711984764,0.1014453816731195,0.9650271489754358,290,True,False,0.9949493297130222,0.989898661891623
2,28,20280833,128702.5127071235,0.10144541934485131,0.9650271230011019,610,True,False,0.9903189020570422,0.9806378074677596
2,29,20280834,128702.41756695865,0.10144538184932966,0.9650271488539405,290,True,False,0.9986590272158051,0.997318054963952
2,30,20280835,128702.46239438443,0.10144539951618867,0.9650271366727949,460,True,False,0.999900412505145,0.9998008282887556
2,31,20280836,128702.51479130097,0.10144542016624265,0.9650271224347596,570,True,False,0.9900701363872728,0.9801402761296267
2,32,20280837,128702.46343254387,0.10144539992533586,0.9650271363906915,580,True,False,0.9974289471380724,0.9948578974905876
2,33,20280838,128702.51515096545,0.10144542030798935,0.9650271223370265,660,True,False,0.985755464095185,0.9715109315282942
2,34,20280839,128702.49796166828,0.10144541353354701,0.9650271270079468,640,True,False,0.9910093574683465,0.9820187182375208
2,35,20280840,128702.46392883314,0.10144540012092754,0.9650271362558327,540,True,False,0.9994255059230177,0.9988510151044507
2,36,20280841,128702.51837874351,0.10144542158008298,0.9650271214599287,590,True,False,0.9932061218352349,0.9864122470677542
2,37,20280842,128702.52199963146,0.10144542300710441,0.9650271204760096,510,True,False,0.9927350898172356,0.9854701830118311
2,38,20280843,128702.45706437608,0.10144539741558849,0.9650271381211406,340,True,False,0.9993317231536267,0.9986634495558417
2,39,20280844,128702.49634178673,0.10144541289513845,0.965027127448124,570,True,False,0.9919868542378163,0.9839737117723596
2,40,20280845,128702.5457711779,0.10144543237566392,0.9650271140164669,570,True,False,0.9891253221547059,0.9782506477688931
2,41,20280846,128702.47788847049,0.10144540562253533,0.9650271324625215,610,True,False,0.9948785103374617,0.989757023923931
2,42,20280847,128702.43389957462,0.10144538828614896,0.9650271444158098,490,True,False,0.9919474078168455,0.9838948225725337
2,43,20280848,128702.4621727299,0.1014453994288328,0.965027136733026,440,True,False,0.9999644749036294,0.9999289531247819
2,44,20280849,128702.46006707857,0.10144539859897828,0.9650271373052035,340,True,False,0.9994515541066872,0.9989031093486361
2,45,20280850,128702.49666889128,0.10144541302405304,0.9650271273592385,620,True,False,0.9916104912670042,0.98322098583341
2,46,20280851,128702.48265960623,0.10144540750287907,0.9650271311660407,570,True,False,0.9918752153055227,0.983750433860718
2,47,20280852,128702.50727781405,0.10144541720511617,0.9650271244764311,610,True,False,0.9893354642546428,0.9786709318336373
2,48,20280853,128702.46419232928,0.10144540022477352,0.9650271361842317,530,True,False,0.9998869037084699,0.9997738107044067
2,49,20280854,128702.51005156418,0.10144541829827372,0.9650271237227083,670,True,False,0.98862556010122,0.9772511235353971
2,50,20280855,128702.44980749114,0.1014453945555903,0.9650271400930845,480,True,False,0.9996526288317493,0.9993052609481384
2,51,20280856,128702.46114235054,0.1014453990227518,0.9650271370130153,440,True,False,0.9998914483004738,0.9997828998617493
2,52,20280857,128702.46448848216,0.10144540034148981,0.9650271361037569,410,True,False,0.9998008258220187,0.999601654861599
2,53,20280858,128702.4751047808,0.10144540452546037,0.9650271332189453,390,True,False,0.9984792789152933,0.9969585606565181
2,54,20280859,128702.5310552159,0.10144542657598388,0.9650271180152974,680,True,False,0.9852942548229641,0.970588513036085
2,55,20280860,128702.49936811905,0.10144541408784076,0.965027126625766,640,True,False,0.9881829822299071,0.9763659677458978
2,56,20280861,128702.5303298367,0.10144542629010604,0.9650271182124077,580,True,False,0.9911034991884627,0.9822070018020049
2,57,20280862,128702.51956376909,0.10144542204711121,0.9650271211379167,590,True,False,0.990962762824525,0.9819255290333345
2,58,20280863,128702.44832893583,0.10144539397287945,0.9650271404948586,340,True,False,0.9997647685673368,0.9995295401220303
2,59,20280864,128702.4744096472,0.10144540425150252,0.9650271334078369,440,True,False,0.9987509805372763,0.9975019643160181
2,60,20280865,128702.49081727049,0.10144541071788139,0.9650271289493241,560,True,False,0.9952111800079697,0.9904223633210371
2,61,20280866,128702.49099078095,0.10144541078626328,0.9650271289021753,700,True,False,0.9940553298200288,0.9881106629350526
2,62,20280867,128702.50887206737,0.10144541783342441,0.965027124043218,650,True,False,0.9923489076467726,0.9846978186458698
2,63,20280868,128702.43755462702,0.10144538972663535,0.965027143422607,280,True,False,0.9972646515861893,0.9945293052835502
2,64,20280869,128702.47179523337,0.10144540322114054,0.9650271341182626,510,True,False,0.9993403889255084,0.9986807811442128
2,65,20280870,128702.52261139345,0.10144542324820478,0.9650271203097729,510,True,False,0.9948945178318567,0.9897890390958094
2,66,20280871,128702.51985685772,0.10144542216261983,0.9650271210582745,760,True,False,0.983416100463943,0.9668322042727175
2,67,20280872,128702.43664365723,0.10144538936761462,0.9650271436701487,330,True,False,0.9937959360506436,0.9875918756261535
2,68,20280873,128702.47403343562,0.10144540410323444,0.9650271335100664,360,True,False,0.9999999895262087,0.9999999822173038
2,69,20280874,128702.48851219786,0.1014454098094334,0.9650271295756913,340,True,False,0.9999755881080689,0.9999511791108265
2,70,20280875,128702.49614955814,0.10144541281937959,0.965027127500359,570,True,False,0.9968996977103474,0.993799398769242
2,71,20280876,128702.51146235914,0.10144541885427953,0.965027123339347,670,True,False,0.9879386298878985,0.9758772631104586
2,72,20280877,128702.4491157385,0.10144539428296488,0.9650271402810574,300,True,False,0.999239757388366,0.9984795163598882
2,73,20280878,128702.5015054355,0.10144541493017464,0.9650271260449839,710,True,False,0.9972275002920081,0.9944550039613254
2,74,20280879,128702.47771343104,0.10144540555355085,0.9650271325100857,350,True,False,0.9998017275337583,0.99960345785441
2,75,20280880,128702.41264890277,0.101445379911083,0.9650271501903446,290,True,False,0.9962739872966853,0.9925479765389231
2,76,20280881,128702.44112457026,0.10144539113357949,0.9650271424525313,310,True,False,0.9993382324372175,0.9986764670982222
2,77,20280882,128702.47512529217,0.10144540453354407,0.9650271332133716,430,True,False,0.9973967965788323,0.9947935962380005
2,78,20280883,128702.47246264716,0.1014454034841738,0.9650271339369034,410,True,False,0.9999035537102057,0.9998071107233558
2,79,20280884,128702.48889372138,0.10144540995979494,0.9650271294720182,520,True,False,0.9982595822122196,0.9965191677660655
2,80,20280885,128702.51303394928,0.10144541947365601,0.9650271229122922,440,True,False,0.9949053686504701,0.9898107402112267
2,81,20280886,128702.50136467813,0.10144541487470102,0.9650271260832325,610,True,False,0.9925565845260882,0.9851131723764637
2,82,20280887,128702.47389825169,0.10144540404995735,0.9650271335468005,570,True,False,0.9997959810040098,0.9995919653371281
2,83,20280888,128702.53080364002,0.10144542647683578,0.9650271180836592,730,True,False,0.9831279937775981,0.9662559909379763
2,84,20280889,128702.51655985258,0.10144542086324325,0.9650271219541836,650,True,False,0.9878204149497156,0.9756408332529922
2,85,20280890,128702.51564106038,0.10144542050113975,0.9650271222038509,680,True,False,0.9862108646825192,0.9724217327067554
2,86,20280891,128702.47659087293,0.10144540511114149,0.9650271328151232,470,True,False,0.9947768160155142,0.9895536349390162
2,87,20280892,128702.41180958523,0.10144537958030099,0.9650271504184159,350,True,False,0.9998421087395857,0.9996842175272771
2,88,20280893,128702.44631555726,0.10144539317939034,0.9650271410419625,380,True,False,0.9995399688284232,0.9990799409158457
2,89,20280894,128702.45205503372,0.10144539544136537,0.9650271394823503,330,True,False,0.9972739076372769,0.9945478186642243
2,90,20280895,128702.42768331595,0.10144538583626996,0.9650271461049801,410,True,False,0.9921213261168956,0.984242658617429
2,91,20280896,128702.44373183906,0.10144539216112566,0.9650271417440471,320,True,False,0.9985956385936675,0.9971912802817403
2,92,20280897,128702.47734090408,0.10144540540673491,0.965027132611314,450,True,False,0.9980144676506855,0.9960289385359166
2,93,20280898,128702.49823487567,0.10144541364122028,0.965027126933707,510,True,False,0.9976511628601865,0.9953023290901715
2,94,20280899,128702.46931019987,0.10144540224176841,0.9650271347935312,510,True,False,0.9976825711173695,0.9953651454784912
2,95,20280900,128702.48127465577,0.10144540695705873,0.9650271315423791,460,True,False,0.9991691831233377,0.9983383695704324
2,96,20280901,128702.43275538141,0.10144538783521295,0.9650271447267263,370,True,False,0.9954446477688563,0.9908892989161838
2,97,20280902,128702.47883971583,0.10144540599742892,0.9650271322040356,400,True,False,0.9986542574218384,0.9973085178487577
2,98,20280903,128702.45899380973,0.10144539817599418,0.9650271375968474,360,True,False,0.9998244081085412,0.9996488194810119
2,99,20280904,128702.48845416817,0.10144540978656341,0.9650271295914599,550,True,False,0.9972226413196763,0.9944452859593508
3,0,20290805,35717.93386714766,0.05344192499834491,0.9902942150738492,3130,True,False,0.9659336571052491,0.9111069772052589
3,1,20290806,35717.414086571414,0.05344153614360691,0.990294356316019,4450,True,False,0.9974879189497937,0.9957274907971557
3,2,20290807,35736.55449770109,0.053455853473093264,0.9902891552113159,2100,True,False,0.982498018658621,0.9735890892079742
3,3,20290808,35717.289485095,0.05344144292717058,0.9902943901745042,1770,True,False,0.9942910195132754,0.9856091089536803
3,4,20290809,35717.41444860498,0.05344153641445,0.9902943562176422,4570,True,False,0.9879167776694783,0.9781538256863131
3,5,20290810,35718.1828900182,0.0534421112946523,0.9902941474058136,5000,False,True,0.9952431588272557,0.989815664178996
3,6,20290811,35717.362735718474,0.05344149772719968,0.990294370269803,1050,True,False,0.9948943540944328,0.9856222914447349
3,7,20290812,35739.39590177524,0.053457978561296686,0.990288383104594,5000,False,True,0.9852738571554057,0.9716142896122477
3,8,20290813,35717.247825184175,0.05344141176066231,0.9902944014949275,2110,True,False,0.9982820568034333,0.9972579593300919
3,9,20290814,35950.08194600488,0.05361531613921253,0.9902311324965426,4330,True,False,0.9905887696608525,0.982219387819057
3,10,20290815,35717.15966949315,0.053441345809787356,0.9902944254498456,1310,True,False,0.993579590724465,0.9822920786859944
3,11,20290816,35957.26339761016,0.05362067101673126,0.9902291810503868,5000,False,True,0.946574812721892,0.8848643831594283
3,12,20290817,35950.09194736869,0.05361532359714052,0.9902311297788298,4780,True,False,0.986108134342507,0.977065605286441
3,13,20290818,35717.39674427703,0.05344152316955786,0.9902943610285139,4160,True,False,0.9932930931831567,0.9911330231473164
3,14,20290819,35736.78113755837,0.05345602298031022,0.9902890936255109,4900,True,False,0.9826491597304696,0.9698999556269008
3,15,20290820,35950.66506655624,0.05361575096528577,0.990230974042734,5000,False,True,0.9492750873104353,0.8840345253151597
3,16,20290821,35717.18700305103,0.05344136625852758,0.9902944180223825,1330,True,False,0.9957560350631168,0.9884619489641467
3,17,20290822,35717.242823948145,0.0534414080191489,0.9902944028539346,3110,True,False,0.9625128124462426,0.9035000633883853
3,18,20290823,35717.259088312865,0.05344142018680776,0.9902943984343501,880,True,False,0.9842983894649914,0.9720705236878469
3,19,20290824,35736.58162817228,0.053455873764392155,0.9902891478390384,2130,True,False,0.98936775036351,0.9717906812371471
3,20,20290825,35736.52229473681,0.05345582938798836,0.9902891639619633,1860,True,False,0.9823513444693449,0.9731709601087395
3,21,20290826,35800.90352943621,0.05350395947224164,0.9902716693773215,5000,False,True,0.9859808097186997,0.9678747493452555
3,22,20290827,35736.54511696428,0.053455846457093364,0.9902891577603832,2440,True,False,0.9873394627124245,0.980771171413145
3,23,20290828,35717.208899022495,0.05344138263930319,0.9902944120724978,1090,True,False,0.9953390334153466,0.988528137506172
3,24,20290829,35736.84800084389,0.05345607298822282,0.9902890754564682,2130,True,False,0.9864250853241859,0.9724729844395315
3,25,20290830,35740.77390153842,0.05345900913791779,0.9902880086549022,5000,False,True,0.9840407598773392,0.9700702108115861
3,26,20290831,35730.424515167724,0.05345126856688164,0.9902908209373429,5000,False,True,0.9677804633719812,0.91661121490085
3,27,20290832,35736.448854519746,0.053455774460851105,0.9902891839181834,1190,True,False,0.9913473965059287,0.9817603670324271
3,28,20290833,35959.69511852126,0.053622484117760334,0.9902285202685999,5000,False,True,0.9402896848163566,0.8649238396737817
3,29,20290834,35967.073019859905,0.05362798473596054,0.9902265154403289,5000,False,True,0.9315070996014434,0.8465905005081772
3,30,20290835,35717.26268422139,0.05344142287697014,0.9902943974572187,1770,True,False,0.9910749204071104,0.9794838257100448
3,31,20290836,35717.274883434904,0.05344143200341522,0.9902943941422748,1770,True,False,0.9944683011817848,0.9907652765415274
3,32,20290837,35717.346848182126,0.053441485841470064,0.9902943745869903,1850,True,False,0.9885966107248084,0.9788525801091588
3,33,20290838,35717.3050457546,0.05344145456836764,0.9902943859461404,1940,True,False,0.9986042756203188,0.9971447699227252
3,34,20290839,35717.13695044289,0.05344132881323967,0.990294431623389,700,True,False,1.0,1.0
3,35,20290840,35718.32628035359,0.05344221856599076,0.9902941084417525,3630,True,False,0.9864195411754185,0.9741714002104777
3,36,20290841,35720.97375935113,0.05344419912533204,0.9902933890311101,5000,False,True,0.9965499967941519,0.9938139977318426
3,37,20290842,35950.26173778981,0.05361545020818837,0.990231083640962,5000,False,True,0.9663040323984746,0.9117485362148773
3,38,20290843,35717.21088875061,0.05344138412785483,0.9902944115318205,1210,True,False,0.995799984518034,0.9922983851518649
3,39,20290844,35718.15032542888,0.05344208693281944,0.9902941562547268,5000,False,True,0.9640425347428766,0.9160093173623665
3,40,20290845,35717.166819509126,0.053441351158847315,0.9902944235069415,1350,True,False,0.9970939703119513,0.9954020749974928
3,41,20290846,35738.26440233471,0.05345713232215259,0.9902886905717128,5000,False,True,0.9969103025103756,0.9955517746799484
3,42,20290847,35950.62657488098,0.05361572226260915,0.9902309845022393,5000,False,True,0.9604471758739974,0.9198049023434894
3,43,20290848,35977.68338669555,0.053635894340275346,0.990223632240565,5000,False,True,0.9338585309624413,0.8428052244564561
3,44,20290849,35717.191238822954,0.053441369427386205,0.9902944168713783,1410,True,False,0.9939318629510576,0.9872559445585039
3,45,20290850,35950.73509867351,0.05361580318716711,0.9902309550126112,5000,False,True,0.9497331508529117,0.8963036960296941
3,46,20290851,35720.01538293436,0.053443482179540557,0.9902936494547789,5000,False,True,0.994228673328544,0.9883807133819477
3,47,20290852,35718.43931211088,0.05344230312570741,0.9902940777271559,4370,True,False,0.9836707851201534,0.9720793935324461
3,48,20290853,35717.31262281841,0.05344146023689848,0.9902943838871929,2150,True,False,0.9963303325855195,0.9924105618647864
3,49,20290854,35717.35051952148,0.0534414885880602,0.9902943735893618,4240,True,False,0.9987074941941203,0.9971247374092987
3,50,20290855,35722.88195731845,0.05344562658852076,0.9902928705084224,5000,False,True,0.9788689958298148,0.9684023512616562
3,51,20290856,35717.35707689945,0.05344149349374355,0.9902943718074978,3150,True,False,0.9988483489063628,0.9971258506260897
3,52,20290857,35717.71546614312,0.053441761610003496,0.990294274420876,4920,True,False,0.9961771256905879,0.989480926998995
3,53,20290858,35717.18393943597,0.053441363966580877,0.9902944188548716,1640,True,False,0.9947726446605233,0.9905866021634991
3,54,20290859,35718.02037109063,0.0534419897128165,0.9902941915677677,3100,True,False,0.9774578948795677,0.9421157233633101
3,55,20290860,35717.18344235451,0.053441363594705096,0.9902944189899456,1740,True,False,0.9962541283501528,0.9904405593978214
3,56,20290861,35717.61508645889,0.0534416865146222,0.9902943016974712,1260,True,False,0.9969409153433602,0.9948171853632365
3,57,20290862,35717.170078831354,0.053441353597206726,0.9902944226212722,1130,True,False,0.9928866686690613,0.979594449160667
3,58,20290863,35718.608288467476,0.05344242953765546,0.9902940318104975,4960,True,False,0.9855755887552661,0.9704223302253725
3,59,20290864,35736.76543023422,0.05345601123259336,0.9902890978937284,3720,True,False,0.9853820818070854,0.9720215106131895
3,60,20290865,35717.29572591037,0.05344144759603219,0.990294388478661,1350,True,False,0.990062794722313,0.9813201317685206
3,61,20290866,35717.605150576586,0.05344167908145032,0.9902943043973905,5000,False,True,0.9989372458084858,0.9971221951313867
3,62,20290867,35717.33637228204,0.0534414780042739,0.9902943774336509,3110,True,False,0.9987501013895684,0.9971245627222617
3,63,20290868,35807.41864151124,0.05350882762360796,0.9902698989984187,5000,False,True,0.9668563673066052,0.9343754048521071
3,64,20290869,35717.14295046364,0.05344133330196828,0.990294429992978,910,True,False,0.9944842166956311,0.9880182497439705
3,65,20290870,35717.29574970988,0.05344144761383702,0.9902943884721939,2650,True,False,0.994029603017367,0.9860266385642795
3,66,20290871,35718.654428982365,0.05344246405552357,0.9902940192725406,5000,False,True,0.9957514637594275,0.9876204667389759
3,67,20290872,35717.27802713215,0.053441434355269886,0.9902943932880247,2640,True,False,0.9987436372737055,0.9973508334951892
3,68,20290873,35717.283077345135,0.053441438133421955,0.9902943919157091,1790,True,False,0.9960326486359309,0.9915172622617704
3,69,20290874,35917.864824426535,0.053591286731893756,0.9902398869909694,5000,False,True,0.9441998427631955,0.8542952509075464
3,70,20290875,35736.92079554301,0.05345612743226288,0.9902890556756573,5000,False,True,0.9858348458658366,0.9742877470040829
3,71,20290876,35721.86138028205,0.05344486313151799,0.9902931478341281,5000,False,True,0.9860008664417581,0.9723428694578298
3,72,20290877,35736.51526342984,0.053455824129161535,0.9902891658726101,2050,True,False,0.9935940623165576,0.9840888920106964
3,73,20290878,35736.7438746308,0.05345599511086636,0.9902891037511234,1910,True,False,0.9822842542501321,0.9692684197627583
3,74,20290879,35717.16470869979,0.05344134957971164,0.9902944240805207,920,True,False,0.9878351776771958,0.9730535862027765
3,75,20290880,35950.05648226961,0.05361529715112704,0.9902311394159109,3180,True,False,0.9792643314991606,0.9429809211631462
3,76,20290881,35717.289746595954,0.05344144312280396,0.9902943901034454,4160,True,False,0.9893664383788495,0.9725724817474806
3,77,20290882,35717.42187405056,0.053441541969544155,0.9902943541998945,3540,True,False,0.9977452875854516,0.9971261607202339
3,78,20290883,35950.10673223996,0.053615334622085564,0.9902311257612744,4130,True,False,0.9766451151014848,0.946495449077477
3,79,20290884,35717.35884144825,0.05344149481383174,0.9902943713280096,4610,True,False,0.9874830708347536,0.9663093129944847
3,80,20290885,35717.30300287995,0.05344145304005813,0.9902943865012594,2450,True,False,0.9685417489364575,0.9307344785428223
3,81,20290886,35717.36286562118,0.05344149782438204,0.9902943702345041,4350,True,False,0.9951047151645985,0.988713700260127
3,82,20290887,35717.35673626259,0.05344149323890748,0.9902943719000605,4590,True,False,0.9852807957451724,0.9771325442527105
3,83,20290888,35717.33383298479,0.05344147610458297,0.9902943781236648,4030,True,False,0.9985465330069685,0.9971208858347279
3,84,20290889,35717.231241018206,0.0534413993537525,0.9902944060014129,1630,True,False,0.9982559620966014,0.9969880352170807
3,85,20290890,35717.35464441514,0.0534414916739617,0.9902943724684871,3570,True,False,0.993282891928651,0.9832539850858262
3,86,20290891,35717.37878058145,0.053441509730625274,0.9902943659098647,3160,True,False,0.9915644358357429,0.9796575128653754
3,87,20290892,35993.06310477601,0.053647357235015604,0.990219453044857,2280,True,False,0.970197080139752,0.9530499160338841
3,88,20290893,35736.83481636484,0.053456063127384795,0.9902890790391423,4930,True,False,0.9860403457329204,0.9728092675056791
3,89,20290894,35717.28351489678,0.05344143846076193,0.9902943917968113,2750,True,False,0.9935781319591869,0.9851411084694304
3,90,20290895,35717.18317478723,0.05344136339453309,0.9902944190626528,1120,True,False,0.9936712776555732,0.9852329999114613
3,91,20290896,35717.41181145705,0.05344153444155749,0.9902943569342455,3680,True,False,0.9800905688886475,0.9484085706169165
3,92,20290897,35717.25761889704,0.05344141908751191,0.9902943988336407,4360,True,False,0.9984762212220012,0.997123554156506
3,93,20290898,35717.311686709734,0.053441459536579625,0.9902943841415657,2700,True,False,0.996532300115268,0.9927228425197534
3,94,20290899,35736.5631898598,0.053455859974093994,0.9902891528493589,1700,True,False,0.9870116534541372,0.977493618893366
3,95,20290900,35954.996692321634,0.053618980896813676,0.990229796991782,5000,False,True,0.9515140950199549,0.8788138717567724
3,96,20290901,35953.6269978443,0.0536179595878411,0.9902301691846435,5000,False,True,0.9385491414359635,0.8690454336194253
3,97,20290902,35717.29015701136,0.05344144342984281,0.9902943899919215,1270,True,False,0.9914485367114919,0.985660791445184
3,98,20290903,35949.97344731573,0.05361523523263882,0.9902311619793494,2850,True,False,0.9856193149458375,0.975003165434916
3,99,20290904,35736.75897322773,0.053456006403311475,0.990289099648318,3520,True,False,0.9830773268740841,0.970374442187284
4,0,20300805,18955.351225671133,0.038931832549068714,0.9948491824056702,5000,False,True,0.9102370168192646,0.7543272731879412
4,1,20300806,18874.408333328465,0.0388486205207825,0.9948711773594461,5000,False,True,0.9515722245209315,0.8879423188246711
4,2,20300807,18789.318221909063,0.038760952408274325,0.9948942992545661,5000,False,True,0.9739745177280268,0.9268743361338517
4,3,20300808,18916.894922112653,0.03889232036898066,0.9948596322993505,5000,False,True,0.9246860037987343,0.8916066832099965
4,4,20300809,18852.306155581762,0.038825867737821665,0.994877183277493,5000,False,True,0.9682277189693731,0.9219740358440375
4,5,20300810,18899.949198728835,0.03887489662773063,0.9948642370322892,5000,False,True,0.9751908200033785,0.9528764094364679
4,6,20300811,18938.25292517273,0.03891426974200432,0.9948538285990323,5000,False,True,0.9257195712491995,0.8430123944667773
4,7,20300812,18899.47865015821,0.038874412694130944,0.9948643648964385,5000,False,True,0.9487776101252026,0.9125074137425931
4,8,20300813,18782.27811744523,0.03875369012454317,0.9948962122918665,4770,True,False,0.9890165652952467,0.970194425881077
4,9,20300814,18782.16678440391,0.03875357526700165,0.9948962425448638,4040,True,False,0.9820209593846403,0.9610461352152351
4,10,20300815,18782.159120539465,0.03875356736050765,0.994896244627398,4990,True,False,1.0,0.9999999999999998
4,11,20300816,18784.823397523924,0.038756315888396044,0.9948955206521678,5000,False,True,0.9947156751225512,0.988317347796096
4,12,20300817,18842.54355862223,0.038815813520072566,0.9948798361091702,5000,False,True,0.9217112156822164,0.8775981098023516
4,13,20300818,18912.23226944421,0.038887526967162606,0.99486089930164,5000,False,True,0.9339648363776216,0.8721290654500307
4,14,20300819,18844.523262974297,0.03881785257112769,0.9948792981557508,5000,False,True,0.9758835271940681,0.9621396108930347
4,15,20300820,18945.36350989901,0.03892157446132504,0.9948518964098326,5000,False,True,0.9737327129363043,0.9322299499543468
4,16,20300821,19013.553911030704,0.03899155712078161,0.9948333667443185,5000,False,True,0.9223274992392481,0.8235280381080123
4,17,20300822,18818.2743857609,0.03879080810577517,0.9948864308739459,5000,False,True,0.9488029388653803,0.9070579500002843
4,18,20300823,18834.646294489186,0.038807678449116735,0.9948819820660855,5000,False,True,0.925979853171927,0.8653183858388367
4,19,20300824,19011.45446843812,0.03898940437237903,0.9948339372347154,5000,False,True,0.93831327380937,0.9011015701900235
4,20,20300825,18950.03644135653,0.038926374227657934,0.9948506266144443,5000,False,True,0.9516727720691222,0.8813232947405398
4,21,20300826,18783.587469851194,0.03875504090192973,0.9948958564960109,4190,True,False,0.9874067719340074,0.967986822850687
4,22,20300827,18974.534033561038,0.038951527067133576,0.9948439697803164,5000,False,True,0.9866337074027859,0.9727824985308898
4,23,20300828,18839.254156041683,0.03881242527236439,0.9948807299524172,5000,False,True,0.9021497103636829,0.788288253723225
4,24,20300829,19192.60025515915,0.03917471428847584,0.9947847137255188,5000,False,True,0.9773152569591819,0.96892921007217
4,25,20300830,18782.482926159468,0.03875390141605317,0.9948961566383302,4820,True,False,0.9966626080964595,0.9905779959253193
4,26,20300831,18930.771271524438,0.03890658234207866,0.9948558616203563,5000,False,True,0.965124929280749,0.9351684693472146
4,27,20300832,18783.427213928553,0.03875487557839678,0.9948959000430291,3950,True,False,0.9823124630283178,0.9521972558712688
4,28,20300833,18782.344293531874,0.038753758395422784,0.9948961943095592,5000,False,True,0.955046674326207,0.8913873417597742
4,29,20300834,18958.50302978949,0.03893506911293944,0.9948483259526342,5000,False,True,0.9805865686600767,0.9466149917815628
4,30,20300835,19281.159123093348,0.03926499063243517,0.9947606492505503,5000,False,True,0.9662909123548117,0.9393892952391062
4,31,20300836,18786.639634142157,0.03875818944709934,0.9948950271185256,5000,False,True,0.9910723030197445,0.9774650222938325
4,32,20300837,18943.611731236004,0.03891977498252863,0.9948523724280425,5000,False,True,0.9249256144160674,0.8595252342015026
4,33,20300838,19202.346607202646,0.03918465984278579,0.9947820653081412,5000,False,True,0.9616420818890369,0.9370550529743408
4,34,20300839,18817.806303198242,0.03879032566478708,0.9948865580679963,4850,True,False,0.9700476210972468,0.9305797461167137
4,35,20300840,18829.48542471109,0.038802361250870526,0.994883384451013,5000,False,True,0.9154929895333546,0.7903332895891735
4,36,20300841,18906.19553269035,0.03888132007164237,0.9948625396895977,5000,False,True,0.908160227104019,0.7984545273621271
4,37,20300842,18822.22698701384,0.038794881713783196,0.9948853568169245,5000,False,True,0.9560879396111442,0.9262071438710275
4,38,20300843,18785.449794547563,0.03875696206531307,0.9948953504386607,5000,False,True,0.9841355040462703,0.973371467945698
4,39,20300844,18874.357649653382,0.038848568360414164,0.994871191131935,5000,False,True,0.9505632062405386,0.8531676379450804
4,40,20300845,18864.47636872331,0.03883839784546836,0.9948738762141086,5000,False,True,0.9129683488906517,0.7592967331086066
4,41,20300846,18891.83056892892,0.03886654621388793,0.9948664431418315,5000,False,True,0.9528972283664744,0.9232264346457056
4,42,20300847,18976.026963026485,0.038953059403542135,0.9948435641002915,5000,False,True,0.9385283381138037,0.8479769279600444
4,43,20300848,18860.666598935502,0.03883447584882357,0.9948749114589331,5000,False,True,0.8697776798360807,0.7164470323182093
4,44,20300849,18963.215229129968,0.03893990753313578,0.9948470454868183,3990,True,False,0.9387739669512467,0.803415946142263
4,45,20300850,18863.886868751833,0.03883779100611481,0.9948740364014239,5000,False,True,0.9435322411513787,0.8627608445665815
4,46,20300851,18783.06733367975,0.03875450431545015,0.9948959978348081,3990,True,False,0.9815357451765621,0.9546278989121793
4,47,20300852,18899.960101876957,0.03887490784095376,0.9948642340695308,5000,False,True,0.8688173551754544,0.7362677804189232
4,48,20300853,18870.094025350645,0.038844180262594064,0.9948723497045625,5000,False,True,0.9191456244679446,0.8419764960263042
4,49,20300854,18877.497655563795,0.03885179971968727,0.9948703378848758,5000,False,True,0.8916637569514245,0.7839358311398635
4,50,20300855,18896.200377985388,0.038871041002386676,0.9948652557151727,5000,False,True,0.9452259267130333,0.906077090540372
4,51,20300856,18865.718213482443,0.03883967618646594,0.9948735387623907,5000,False,True,0.9670592976907524,0.9434561694644902
4,52,20300857,18910.693762604842,0.038885945188180455,0.9948613173665971,5000,False,True,0.8801375079993615,0.7979077183782427
4,53,20300858,18818.222827010977,0.03879075496575544,0.9948864448842226,5000,False,True,0.9083526674569662,0.8464654379986147
4,54,20300859,19053.718059709427,0.03903271819306432,0.9948224527706753,5000,False,True,0.9337052389608035,0.8505804473717669
4,55,20300860,18820.986318091615,0.038793603108512605,0.9948856939491273,5000,False,True,0.9761119754142707,0.9490215970529272
4,56,20300861,18801.34793752637,0.03877335862278795,0.9948910303691669,5000,False,True,0.968159494935159,0.9172622752379997
4,57,20300862,18837.25078102664,0.038810361551856194,0.9948812743379658,5000,False,True,0.9572072492812278,0.9301721030624511
4,58,20300863,18893.24450717257,0.03886800064858839,0.9948660589264247,5000,False,True,0.895708507567499,0.7631490453777784
4,59,20300864,18961.131100423485,0.038937767653160496,0.9948476118159083,5000,False,True,0.9803936940803049,0.9634255082337806
4,60,20300865,18823.411466636993,0.038796102372316135,0.9948850349532772,5000,False,True,0.9671684898564405,0.8975486131863414
4,61,20300866,18784.03969806584,0.03875550742669494,0.9948957336101293,5000,False,True,0.9754342762253195,0.957837026581711
4,62,20300867,19007.860138797292,0.038985718505091214,0.9948349139370795,5000,False,True,0.9213842530771807,0.7525876182868196
4,63,20300868,18856.442205563246,0.03883012655160716,0.9948760593711743,5000,False,True,0.9577946466337846,0.9136669500080605
4,64,20300869,18889.51829432141,0.03886416759637766,0.9948670714659701,5000,False,True,0.9626423696857894,0.9371314244334453
4,65,20300870,18782.179054226242,0.038753587925269756,0.9948962392107331,3890,True,False,0.9952127890423202,0.9865229657795571
4,66,20300871,18784.7123552742,0.0387562013386136,0.994895550826147,5000,False,True,0.9762029040203689,0.9222392830699161
4,67,20300872,18792.023425021125,0.03876374262327653,0.9948935641583064,5000,False,True,0.9754846004097969,0.9484604638823825
4,68,20300873,18910.751541006277,0.03888600459282376,0.9948613016662282,5000,False,True,0.8751115841941601,0.6104759548421029
4,69,20300874,18842.597145661373,0.03881586871493077,0.9948798215477379,5000,False,True,0.9852168011190869,0.9753400807010018
4,70,20300875,18929.871531451794,0.03890565775673903,0.9948561061105238,5000,False,True,0.9130193740961687,0.750155587205994
4,71,20300876,18971.277145591164,0.038948184002057074,0.994844854788231,5000,False,True,0.9254916313353195,0.8515579327812073
4,72,20300877,18790.082939972748,0.038761741178216166,0.9948940914544989,5000,False,True,0.9956371957575987,0.9884181293202849
4,73,20300878,18867.79076397616,0.03884180955288356,0.9948729755794973,5000,False,True,0.9691998592044734,0.9383673392508695
4,74,20300879,18961.865676244273,0.03893852189259541,0.9948474122065201,5000,False,True,0.9714506022507267,0.9288202575355801
4,75,20300880,18969.38592150542,0.0389462426045705,0.9948453686985342,5000,False,True,0.909344969426608,0.8204163844075543
4,76,20300881,18782.16568669865,0.03875357413454433,0.9948962428431478,3290,True,False,0.9658283542342542,0.9086606764083248
4,77,20300882,18782.848588235385,0.038754278649540556,0.994896057275431,5000,False,True,0.9800092159744331,0.9657611508172078
4,78,20300883,18939.923007609912,0.03891598554456474,0.9948533747804826,5000,False,True,0.9204627651181637,0.8785088274382596
4,79,20300884,18800.681064433116,0.038772670982226934,0.9948912115814074,5000,False,True,0.9775126619308383,0.9492872329663695
4,80,20300885,18902.137996014528,0.03887714760745359,0.9948636422611644,5000,False,True,0.9507795195654734,0.906979515907418
4,81,20300886,18972.632810241248,0.0389495755723925,0.9948444864077537,5000,False,True,0.9090538378984234,0.8031277738595173
4,82,20300887,18788.922433349562,0.03876054416508725,0.9948944068038619,5000,False,True,0.9885116621162369,0.9755424059287933
4,83,20300888,18851.18059521483,0.03882470868836966,0.9948774891307621,5000,False,True,0.9370316966335581,0.8563112397063356
4,84,20300889,18985.71741815675,0.03896300418008879,0.994840930872018,3360,True,False,0.9586774196911763,0.9201390917108864
4,85,20300890,18863.93359905326,0.038837839111273864,0.9948740237032019,5000,False,True,0.9414340699910357,0.9244662250018363
4,86,20300891,19239.31499775208,0.039222360893072516,0.9947720197313429,5000,False,True,0.9039575986312973,0.724953448716021
4,87,20300892,18839.550112672234,0.03881273013447303,0.9948806495308729,5000,False,True,0.9410549242482888,0.8303805767327398
4,88,20300893,18886.34570595535,0.03886090374439111,0.9948679335667975,5000,False,True,0.9773920841409725,0.9567739360467976
4,89,20300894,19029.66288042052,0.03900807115122574,0.9948289893860743,5000,False,True,0.9513011862757349,0.9239502184780235
4,90,20300895,18944.472729116656,0.03892065943538533,0.9948521384654544,5000,False,True,0.8956638833602407,0.7707570184116299
4,91,20300896,18990.08848939934,0.03896748913743529,0.9948397431023801,5000,False,True,0.9659563356816936,0.9362645477767251
4,92,20300897,18886.077627515668,0.03886062794176706,0.9948680064128834,5000,False,True,0.925123584555134,0.8267779125465553
4,93,20300898,18870.939585438264,0.03884505054761986,0.994872119936951,5000,False,True,0.9920000623670888,0.9819946255004227
4,94,20300899,18976.399011080895,0.03895344126268889,0.9948434630021034,5000,False,True,0.9743100805698744,0.9296235743388624
4,95,20300900,18926.106834651222,0.038901788863915224,0.9948571291074753,5000,False,True,0.9164266829328302,0.8781901770143471
4,96,20300901,18812.946687362346,0.038785316625751624,0.9948878785919186,5000,False,True,0.9849927223375055,0.9747538378744823
4,97,20300902,18885.938276111512,0.03886048457443674,0.9948680442794287,5000,False,True,0.9556324588409427,0.896274518600651
4,98,20300903,19018.95972509899,0.038997099644003566,0.9948318977996452,5000,False,True,0.9218923915121726,0.8602386255284715
4,99,20300904,18854.597185789386,0.03882822682675223,0.9948765607261848,5000,False,True,0.9165089047855681,0.819851435856863
5,0,20310805,6485.88702056226,0.02277317683301318,0.9982375625446019,5000,False,True,0.8893564934404713,0.8178288883379681
5,1,20310806,6579.345100494912,0.022936664500658458,0.9982121667860788,5000,False,True,0.9450756744475524,0.8928344301027684
5,2,20310807,6819.9513585475515,0.023352294951502265,0.9981467858320395,5000,False,True,0.8972876205749563,0.8177741989106777
5,3,20310808,6547.108192692873,0.02288040395541981,0.9982209266570997,5000,False,True,0.9354549071960117,0.8349807518940336
5,4,20310809,6511.931652101236,0.022818854838215625,0.998230485326946,5000,False,True,0.9568329153515999,0.9282460649938518
5,5,20310810,6462.22719095945,0.022731601813284173,0.9982439917299621,5000,False,True,0.9045557064104216,0.7790473693153835
5,6,20310811,6504.764520639245,0.02280629399097464,0.9982324328818288,5000,False,True,0.9168125069402574,0.7998569356449038
5,7,20310812,7205.290303373379,0.024002952763825684,0.9980420760541431,5000,False,True,0.8881576629822774,0.8092716293376542
5,8,20310813,6496.456030443188,0.02279172417715982,0.9982346905829379,5000,False,True,0.9184563982506628,0.8402367255191951
5,9,20310814,6443.073525517007,0.022697889241559556,0.9982491964363156,5000,False,True,0.9173789161832973,0.7686152721178922
5,10,20310815,6483.5243483999275,0.022769028560638806,0.9982382045634809,5000,False,True,0.9207134123830905,0.808987341801915
5,11,20310816,6528.608052862303,0.02284805454969454,0.9982259537781804,5000,False,True,0.9604387587538689,0.9152650064318375
5,12,20310817,6428.411803175673,0.022672049113648982,0.9982531805280109,5000,False,True,0.8904755737221507,0.8339908341867494
5,13,20310818,6585.248861184855,0.022946952926996937,0.9982105625322683,5000,False,True,0.9171570884771907,0.8460382721356885
5,14,20310819,6441.541129519098,0.02269518989140806,0.998249612840748,5000,False,True,0.9234654080518622,0.82127300376458
5,15,20310820,6501.49660171458,0.022800564461297322,0.9982333208872314,5000,False,True,0.9061981894440818,0.7337591427756235
5,16,20310821,6382.086207392811,0.02259020967391278,0.9982657687776817,5000,False,True,0.9379702914133585,0.8877037959794501
5,17,20310822,6372.298479253626,0.022572880570033056,0.9982684284383605,5000,False,True,0.9528039727825972,0.8822891323275309
5,18,20310823,6411.117367280637,0.022641531126824904,0.9982578800180721,5000,False,True,0.9469775216708041,0.9277988195290301
5,19,20310824,6525.469642004805,0.022842562168960353,0.9982268065918091,5000,False,True,0.9295988461311095,0.8410088744133388
5,20,20310825,6374.776877383119,0.02257726981408258,0.9982677549727761,5000,False,True,0.990552647966565,0.9772285700425826
5,21,20310826,6356.81796270574,0.022545445231114604,0.9982726350244614,5000,False,True,0.9079431279246458,0.6820888519491485
5,22,20310827,6485.19839458664,0.022771967852857997,0.9982377496678448,5000,False,True,0.9202680188845644,0.8544367259689085
5,23,20310828,6447.991897886575,0.02270655089770002,0.9982478599462324,5000,False,True,0.924512519638897,0.85119359043242
5,24,20310829,6391.063047938391,0.02260609142829582,0.9982633294629113,5000,False,True,0.9759387549895899,0.941932058643623
5,25,20310830,6403.628418087508,0.022628303259322746,0.9982599150218454,5000,False,True,0.9280337325068496,0.803168280446444
5,26,20310831,6373.669695933617,0.022575309100768274,0.9982680558318645,5000,False,True,0.9655479874300733,0.9067570202708901
5,27,20310832,6533.3292689368345,0.022856314435010877,0.9982246708622093,5000,False,True,0.9003851320853291,0.8023990617464977
5,28,20310833,6537.269525783311,0.022863205728182016,0.9982236001595857,5000,False,True,0.8820386198290123,0.7957365686400398
5,29,20310834,6621.141717138369,0.02300940405388024,0.9982008092150253,5000,False,True,0.8841310931037658,0.6829134747560064
5,30,20310835,6548.8474006518845,0.022883442788526553,0.9982204540547803,5000,False,True,0.9000738734510033,0.8299070453123466
5,31,20310836,6514.76724391761,0.02282382248216185,0.9982297147996134,5000,False,True,0.9022662082214066,0.7603728744668302
5,32,20310837,6591.797128015521,0.022958359134850007,0.9982087831440838,5000,False,True,0.906032564583418,0.8077198307412025
5,33,20310838,6481.779865966195,0.0227659651926002,0.9982386785990557,5000,False,True,0.96377283570278,0.9360241404301153
5,34,20310839,6391.744837879254,0.022607297189731392,0.9982631441972529,5000,False,True,0.9770829848480762,0.9568014782284151
5,35,20310840,6512.100494419525,0.022819150661604427,0.9982304394467103,5000,False,True,0.9304478146089818,0.8374544766918014
5,36,20310841,6504.122341047049,0.02280516819325981,0.998232607384,5000,False,True,0.9144976619059204,0.8650890472246606
5,37,20310842,6436.471512870906,0.022686257358268118,0.9982509904290774,5000,False,True,0.9399404502474686,0.893628050181389
5,38,20310843,6471.610419837708,0.022748099101714454,0.9982414419855749,5000,False,True,0.9135710923254653,0.8696485509384183
5,39,20310844,6412.558603352059,0.022644075921732006,0.9982574883849114,5000,False,True,0.9007939302686194,0.8366523387572521
5,40,20310845,6544.17469792565,0.02287527748863679,0.9982217237880144,5000,False,True,0.8885698300413012,0.7507078356754474
5,41,20310846,6391.669054627346,0.022607163168457102,0.9982631647901559,5000,False,True,0.9158697116055358,0.8436573449255546
5,42,20310847,6656.884710389916,0.023071426441250393,0.9981910966206068,5000,False,True,0.9229696395530546,0.7538110526385704
5,43,20310848,6354.729892672293,0.022541742094153928,0.9982732024245449,5000,False,True,1.0,0.9999999999999999
5,44,20310849,6399.5080283783245,0.02262102204116488,0.9982610346727322,5000,False,True,0.9126491690097968,0.8078702393473954
5,45,20310850,6496.284830390207,0.022791423861874417,0.9982347371038509,5000,False,True,0.9231946579233148,0.8377218737878485
5,46,20310851,6535.032913303605,0.0228592942705285,0.9982242079237349,5000,False,True,0.8944987397197585,0.8501828419996686
5,47,20310852,6571.893428631473,0.022923671952258324,0.9982141916603259,5000,False,True,0.923802454112144,0.8195996854435232
5,48,20310853,6468.681910398279,0.022742951576078037,0.9982422377618053,5000,False,True,0.8793661421659251,0.8056758186228189
5,49,20310854,6382.168506538421,0.02259035532761451,0.9982657464141875,5000,False,True,0.9197872798879043,0.8005567277843026
5,50,20310855,6541.538926155771,0.022870670331452344,0.9982224400174023,5000,False,True,0.8925364268681,0.7813596501572274
5,51,20310856,6441.669540314998,0.02269541610224911,0.9982495779471404,5000,False,True,0.9223252961485061,0.773433272314193
5,52,20310857,6471.050410819339,0.022747114847763525,0.998241594159189,5000,False,True,0.9286387330917272,0.8651675074686404
5,53,20310858,6554.639241752805,0.0228935596812501,0.998218880213352,5000,False,True,0.898357884832849,0.8287713314176504
5,54,20310859,6570.714334194646,0.022921615437889155,0.9982145120606338,5000,False,True,0.9126069394453875,0.7494288830724529
5,55,20310860,6472.21892463242,0.022749168542016314,0.9982412766339986,5000,False,True,0.9535413002686093,0.8954150911746176
5,56,20310861,6519.869342411128,0.022832758073816194,0.9982283283848551,5000,False,True,0.8786297302245965,0.7470267357567412
5,57,20310862,6478.776693240882,0.02276069055751666,0.998239494663856,5000,False,True,0.9093008647356333,0.7751951814796163
5,58,20310863,6408.327800864497,0.022636604768190943,0.9982586380387285,5000,False,True,0.9364195827052673,0.8731714656069228
5,59,20310864,6474.406734952233,0.02275301317868346,0.9982406821310662,5000,False,True,0.8738179127955877,0.7735497438052868
5,60,20310865,6518.617850747896,0.022830566589887993,0.998228668457967,5000,False,True,0.9587826414100599,0.9371103412101495
5,61,20310866,6403.581859460178,0.022628220997784068,0.9982599276734176,5000,False,True,0.917555368466013,0.8611537992296785
5,62,20310867,6387.398450633995,0.022599609400204095,0.9982643252594041,5000,False,True,0.948581638119688,0.8757900006075275
5,63,20310868,6413.907581870001,0.022646457558108585,0.998257121821285,5000,False,True,0.9681117909614869,0.9181315060359356
5,64,20310869,6520.253078091318,0.02283342999027438,0.9982282241107391,5000,False,True,0.842131456432029,0.6353901352049873
5,65,20310870,6550.4611258768655,0.022886262010904032,0.9982200155504137,5000,False,True,0.9162012418858498,0.7848404909467124
5,66,20310871,6488.742885784246,0.022778190022866466,0.9982367865082913,5000,False,True,0.9426713573019558,0.8508741751566324
5,67,20310872,6442.497294686806,0.02269687423560354,0.9982493530179513,5000,False,True,0.9725458753563181,0.9215546824189081
5,68,20310873,6710.702359199837,0.02316449929290424,0.9981764725237449,5000,False,True,0.9459433481590882,0.857818044773568
5,69,20310874,6398.856922993855,0.02261987124614737,0.9982612116003464,5000,False,True,0.9224246486375707,0.8792704318380669
5,70,20310875,6454.692078059659,0.022718345149537293,0.9982460392779943,5000,False,True,0.943261230043278,0.921782141471774
5,71,20310876,6407.047383936491,0.02263434320005758,0.9982589859718246,5000,False,True,0.9624466835263872,0.9065545377063334
5,72,20310877,6447.945185483657,0.022706468648878046,0.9982478726395908,5000,False,True,0.9228929954680233,0.8537333912572703
5,73,20310878,6434.9596271153405,0.0226835927738238,0.9982514012601751,5000,False,True,0.9466197425935727,0.849707656527565
5,74,20310879,6583.312684888072,0.02294357927981175,0.9982110886576254,5000,False,True,0.9216866035090264,0.8321310946259185
5,75,20310880,6404.83101070713,0.022630427941707006,0.998259588236277,5000,False,True,0.9577921733087214,0.9172241365733588
5,76,20310881,6522.858560748222,0.022837991635587418,0.9982275161119397,5000,False,True,0.952389650785776,0.9267833348275101
5,77,20310882,6459.481295346312,0.0227267718037604,0.9982447378837669,5000,False,True,0.9277418462171619,0.8969412806969891
5,78,20310883,6453.0508053555695,0.022715456601956483,0.9982464852679536,5000,False,True,0.9159917507334763,0.8349905335429955
5,79,20310884,6536.361083786013,0.02286161709719403,0.9982238470143638,5000,False,True,0.9129147380467588,0.7535585475149889
5,80,20310885,6486.433337380089,0.022774135923688186,0.9982374140916273,5000,False,True,0.8991930224960345,0.7657340087847826
5,81,20310886,6386.320908346418,0.022597703063678976,0.9982646180645179,5000,False,True,0.9522128504281044,0.9151554992869044
5,82,20310887,6653.571183757891,0.023065683717379038,0.998191997019184,5000,False,True,0.9077977004270265,0.8181510058324489
5,83,20310888,6521.213375127293,0.022835111371932042,0.9982279631651724,5000,False,True,0.9338181458285465,0.8733643049853139
5,84,20310889,6461.1943919225405,0.022729785248044566,0.9982442723768037,5000,False,True,0.9442365157511358,0.8733106450210747
5,85,20310890,6704.00208720707,0.0231529321574031,0.9981782932169336,5000,False,True,0.9428351832758418,0.9099670767909841
5,86,20310891,6442.112307335565,0.02269619607155954,0.9982494576321892,5000,False,True,0.9513384400891374,0.8904227451018755
5,87,20310892,6390.604091238347,0.02260527971643203,0.9982634541771525,5000,False,True,0.8977288824761642,0.7536522793064259
5,88,20310893,6483.237233187153,0.022768524405297922,0.9982382825825095,5000,False,True,0.9231732626397567,0.8029664669084003
5,89,20310894,6534.370144985193,0.022858135072068866,0.9982243880205675,5000,False,True,0.9574447005948326,0.9045067977600985
5,90,20310895,6634.022095831601,0.02303177374896445,0.9981973091753581,5000,False,True,0.8923376596840568,0.7217367537157876
5,91,20310896,6553.902312068244,0.022892272698297002,0.9982190804623656,5000,False,True,0.8914081610600123,0.7773563538512736
5,92,20310897,6423.364663105064,0.022663147111077687,0.998254552008685,5000,False,True,0.9475493242751789,0.906572194675829
5,93,20310898,6422.317258501243,0.02266129929037828,0.9982548366243589,5000,False,True,0.9352619662976382,0.8748957026509799
5,94,20310899,6559.073797005631,0.022901302715309123,0.998217675192936,5000,False,True,0.8989166008674724,0.8442515258741647
5,95,20310900,6447.708870777649,0.022706052553403126,0.9982479368543833,5000,False,True,0.8996543915142119,0.6642847768487977
5,96,20310901,6372.586045103321,0.022573389893032536,0.9982683502968784,5000,False,True,0.9620767252444379,0.9183362422380457
5,97,20310902,6389.964435391489,0.022604148371024077,0.9982636279935356,5000,False,True,0.9556614920170483,0.8929632158852738
5,98,20310903,6370.157432823063,0.02256908808873218,0.9982690102339439,5000,False,True,0.9641555843672609,0.9317307969241265
5,99,20310904,6525.2067978533005,0.02284210211821594,0.9982268780155598,5000,False,True,0.8527069163380654,0.7363541882238421
6,0,20320805,1847.79300482974,0.012155297373745702,0.9994978914077273,5000,False,True,0.9786904475129075,0.9266895254062772
6,1,20320806,1850.9496118124669,0.012165675463629367,0.9994970336495886,5000,False,True,0.8961866680560225,0.8153807859375265
6,2,20320807,1892.1256401921032,0.01230024931325342,0.9994858447136034,5000,False,True,0.9607660415750575,0.9130339927790176
6,3,20320808,1832.9766800076977,0.012106466333123855,0.9995019175102071,5000,False,True,0.9477565712615718,0.8715595300079354
6,4,20320809,1851.9547190961478,0.012168978133080245,0.9994967605275441,5000,False,True,0.9438276954666486,0.8745082304085887
6,5,20320810,1825.6815982691758,0.012082350993356876,0.9995038998335587,5000,False,True,0.9188501421517908,0.7482815274766814
6,6,20320811,2000.6682106838348,0.012648134189205898,0.9994563499827926,5000,False,True,0.9123523350309747,0.7930896593697503
6,7,20320812,1879.1186078371234,0.0122578986255538,0.9994893791694046,5000,False,True,0.9479555529051452,0.886458303614101
6,8,20320813,1934.984259124446,0.012438775999346782,0.9994741985601854,5000,False,True,0.9143961178142234,0.7768275052190967
6,9,20320814,1959.7040773213018,0.01251797779634431,0.9994674813396506,5000,False,True,0.8863262848155823,0.757479376418873
6,10,20320815,1931.0549570696087,0.012426140096595036,0.9994752662860173,5000,False,True,0.8933208489019518,0.7328172271381913
6,11,20320816,1842.828275840877,0.012138956704671253,0.9994992404944903,5000,False,True,0.9575669529781848,0.8182475215521587
6,12,20320817,1841.6249873750808,0.012134992946370278,0.9994995674691439,5000,False,True,0.9643166333485976,0.881524424991462
6,13,20320818,1919.58267672756,0.0123891736387285,0.9994783836971763,5000,False,True,0.9196797530047145,0.8235054484255245
6,14,20320819,2269.8441714786773,0.013472151263465317,0.9993832056628418,5000,False,True,0.9130248943264858,0.7366277995206769
6,15,20320820,1814.4043634467298,0.012044976849248098,0.9995069642441754,5000,False,True,0.8714685175237054,0.7004954691889005
6,16,20320821,1868.2296697845459,0.012222331572123935,0.9994923380665011,5000,False,True,0.9437984879210736,0.8135488471762983
6,17,20320822,1831.253692011897,0.01210077498947441,0.9995023857050076,5000,False,True,0.8955147518485228,0.8369712405949881
6,18,20320823,1843.2542855653048,0.012140359715151828,0.9994991247330698,5000,False,True,0.9156948990743362,0.7666569977828112
6,19,20320824,1826.0608740446546,0.012083605950703178,0.9995037967713514,5000,False,True,0.91197935651794,0.7071997612441663
6,20,20320825,2144.981879002242,0.013096364157868672,0.9994171350205888,5000,False,True,0.9215713617751783,0.8492547801447375
6,21,20320826,1992.2596209622975,0.01262152684034655,0.9994586348843683,5000,False,True,0.9665715432695458,0.9095329328505133
6,22,20320827,1882.537013820952,0.012269043061670686,0.9994884502715183,5000,False,True,0.8879677037023216,0.6646630949694204
6,23,20320828,1820.9863494205922,0.012066804425532018,0.9995051756933457,5000,False,True,0.9158236809354441,0.8246285402652104
6,24,20320829,1849.6162176361843,0.01216129269620693,0.999497395978416,5000,False,True,0.9507102645853717,0.8442643882272237
6,25,20320830,1826.0615605034764,0.012083608221957452,0.999503796584817,5000,False,True,0.9630701372699325,0.8983204433044707
6,26,20320831,1850.4369711159495,0.012163990638664844,0.9994971729516088,5000,False,True,0.964867606377346,0.9026528332212587
6,27,20320832,1861.200251106305,0.012199315971682181,0.9994942482001079,5000,False,True,0.9362658509190019,0.7704938315931013
6,28,20320833,1834.6758314944545,0.01211207632137076,0.999501455792602,5000,False,True,0.9193371457778396,0.7762655220834602
6,29,20320834,1823.8108356626574,0.012076159058310979,0.9995044081837777,5000,False,True,0.9058823911952136,0.8186942226539209
6,30,20320835,1900.622027895428,0.012327834857077566,0.9994835359543116,5000,False,True,0.8687187775530795,0.6620428486587963
6,31,20320836,1873.696357376282,0.012240200590835422,0.9994908525804083,5000,False,True,0.9379242844998718,0.8627492211534384
6,32,20320837,1850.007567541138,0.012162579197961331,0.9994972896352546,5000,False,True,0.9322253897205764,0.8073135197849481
6,33,20320838,1847.8177018785448,0.012155378605509378,0.999497884696694,5000,False,True,0.9252437275259204,0.7517294972386916
6,34,20320839,2001.9539314064261,0.012652197670674424,0.9994560006084741,5000,False,True,0.9073032705527626,0.8234364324697604
6,35,20320840,1826.692673734104,0.012085696176267605,0.9995036250897551,5000,False,True,0.8959263628681181,0.7266935976115825
6,36,20320841,1809.4131176580963,0.012028398173678158,0.9995083205364603,5000,False,True,1.0,0.9999999999999998
6,37,20320842,1881.2401937064537,0.012264816456096164,0.9994888026619216,5000,False,True,0.8765976436417685,0.7857803084530052
6,38,20320843,1840.903824040637,0.012132616738147193,0.9994997634339006,5000,False,True,0.8918581845916957,0.709534889663849
6,39,20320844,1855.4381422363213,0.012180417339758899,0.9994958139622716,5000,False,True,0.9161355346214792,0.8200119924846551
6,40,20320845,1864.78883237305,0.012211071062206525,0.9994932730597739,5000,False,True,0.9570111977266342,0.873312457521925
6,41,20320846,1837.0767928194173,0.012119999006782692,0.9995008033692473,5000,False,True,0.9654125844835152,0.927720186595069
6,42,20320847,1818.990249255218,0.012060189012231102,0.9995057181020688,5000,False,True,0.9162405347613167,0.84729395882374
6,43,20320848,1867.6151004042722,0.012220321088963652,0.9994925050660327,5000,False,True,0.906547099859345,0.7367226661538439
6,44,20320849,2021.0473800768618,0.012712389070670191,0.9994508122650781,5000,False,True,0.8871878930550224,0.7426707128888872
6,45,20320850,1900.7173208027618,0.012328143898139621,0.9994835100599677,5000,False,True,0.8817706031987287,0.8104748036181721
6,46,20320851,1820.620303609704,0.012065591559437329,0.9995052751605189,5000,False,True,0.9725443053197625,0.9472084727376019
6,47,20320852,1872.1057731550181,0.01223500412358632,0.9994912847965721,5000,False,True,0.8907418792239971,0.7564829118107804
6,48,20320853,1866.5215964280806,0.012216743015970134,0.9994928022084836,5000,False,True,0.9252666826638278,0.8112258042502821
6,49,20320854,1947.0089836451382,0.01247736577022556,0.999470931031038,5000,False,True,0.9098168537692342,0.8105487172075154
6,50,20320855,2177.2286453199604,0.013194439575222691,0.9994083724706717,5000,False,True,0.9455449925660072,0.8867739478565545
6,51,20320856,1920.5959937613675,0.012392443230730719,0.9994781083442618,5000,False,True,0.9665840815124565,0.9258677097086492
6,52,20320857,1869.3036520494793,0.012225844170599819,0.9994920462287672,5000,False,True,0.9188767873019166,0.7893159931273594
6,53,20320858,1882.4171491140419,0.012268652458816672,0.9994884828428611,5000,False,True,0.8863256699038101,0.7951280262808946
6,54,20320859,1868.4116391782102,0.012222926797685925,0.9994922886191897,5000,False,True,0.8934349810081376,0.7529282236992043
6,55,20320860,1880.2437874178934,0.012261567971690696,0.999489073419608,5000,False,True,0.8993203221744638,0.7544659523913066
6,56,20320861,1823.693123223737,0.012075769342161329,0.9995044401702756,5000,False,True,0.8696079943274108,0.6543210399176278
6,57,20320862,1872.4786304681102,0.012236222453156254,0.9994911834784808,5000,False,True,0.9093745581558702,0.7287669185803977
6,58,20320863,1840.4886556712834,0.012131248561638133,0.999499876249354,5000,False,True,0.9238106957046711,0.7704942961667999
6,59,20320864,1875.719545060308,0.012246807195366244,0.9994903028110795,5000,False,True,0.9280336907823599,0.7896350925059249
6,60,20320865,1834.32761201761,0.012110926837371031,0.9995015504157502,5000,False,True,0.916031995370128,0.7599642458149847
6,61,20320866,1856.9214116049445,0.012185284985365698,0.9994954109072256,5000,False,True,0.9917651845240938,0.9771527670228497
6,62,20320867,1815.7965621518288,0.012049597039216688,0.999506585936145,5000,False,True,0.9170866780040366,0.844782122431821
6,63,20320868,1837.3194171486273,0.012120799329761794,0.9995007374399143,5000,False,True,0.9283249776669997,0.7915604156424677
6,64,20320869,1812.4289159861974,0.012038418030421988,0.9995075010408517,5000,False,True,0.9516999765754875,0.8558807097262104
6,65,20320870,2083.277108475844,0.01290661780175834,0.9994339023183243,5000,False,True,0.9328871436509836,0.8215777774261266
6,66,20320871,1869.2068184095515,0.012225527505000017,0.999492072541781,5000,False,True,0.9609823321901808,0.9326769357681612
6,67,20320872,1837.1008958500697,0.012120078515638965,0.999500796819629,5000,False,True,0.9385170595287047,0.758307319776461
6,68,20320873,1950.0124418458397,0.012486985860748414,0.9994701148886643,5000,False,True,0.9571400780519208,0.9219241847676678
6,69,20320874,1937.9680838815618,0.01244836285525032,0.9994733877528902,5000,False,True,0.884134911099292,0.6785544201571073
6,70,20320875,1855.992384661105,0.01218223642491678,0.9994956633556382,5000,False,True,0.9702437437589008,0.9463149836076049
6,71,20320876,1882.3282077857327,0.012268362617870327,0.9994885070112637,5000,False,True,0.9042331292047457,0.6829896331517691
6,72,20320877,1818.0722134278328,0.012057145267793124,0.9995059675638189,5000,False,True,0.9808074890507376,0.9235266395080233
6,73,20320878,1862.9730240566432,0.012205124446623593,0.9994937664770317,5000,False,True,0.8690142396476337,0.7503993421523717
6,74,20320879,1819.5214485358786,0.0120619498507201,0.9995055737570462,5000,False,True,0.9506221816165881,0.8252718554665223
6,75,20320880,1864.7336047647752,0.012210890239254677,0.9994932880670049,5000,False,True,0.9582027617480448,0.9188258055404505
6,76,20320881,1814.6670386107514,0.012045848706103666,0.9995068928663443,5000,False,True,0.9285997339240466,0.7618124174782852
6,77,20320882,1812.7791959032188,0.01203958127944931,0.9995074058578114,5000,False,True,0.9249582473321016,0.8540279257406291
6,78,20320883,1837.4698053133907,0.0121212953751012,0.9995006965743035,5000,False,True,0.9260119296419319,0.8243042834849811
6,79,20320884,1821.34233548615,0.01206798384247683,0.9995050789597496,5000,False,True,0.921938632221648,0.7990917225303982
6,80,20320885,1860.9918550702084,0.012198632982235395,0.9994943048284424,5000,False,True,0.9206656642050208,0.87895295026211
6,81,20320886,1831.7531451324285,0.01210242504970908,0.999502249986503,5000,False,True,0.9678914426719606,0.929868589466582
6,82,20320887,1847.954922173755,0.012155829930787307,0.999497847409244,5000,False,True,0.9230352684907882,0.7767769630644371
6,83,20320888,1825.8143811964865,0.012082790363717323,0.9995038637518934,5000,False,True,0.9326802462794994,0.8613326685967512
6,84,20320889,1843.1211139828465,0.01213992114839238,0.999499160920346,5000,False,True,0.9558455633801746,0.892855273425976
6,85,20320890,2184.091660976921,0.013215218834556687,0.9994065075544603,5000,False,True,0.888799598510857,0.7893054293666859
6,86,20320891,1879.9981266006205,0.012260766935882494,0.9994891401740588,5000,False,True,0.932854035139801,0.7673928514974294
6,87,20320892,1927.3328901149011,0.01241415876129442,0.9994762776989808,5000,False,True,0.915149727223714,0.7691776861765235
6,88,20320893,1838.5790942399954,0.012124953663785295,0.9995003951425414,5000,False,True,0.9102690660348572,0.7676285386532442
6,89,20320894,1874.8060099238783,0.012243824539654778,0.999490551049838,5000,False,True,0.9506813268769078,0.8570945487142428
6,90,20320895,1849.0882404279168,0.012159556837820476,0.9994975394478913,5000,False,True,0.886335538342878,0.7376144034081801
6,91,20320896,1993.3107665921925,0.012624856053348748,0.9994583492521296,5000,False,True,0.9190986099609594,0.7691956005110697
6,92,20320897,1841.00828983286,0.012132960978140164,0.99949973504697,5000,False,True,0.9689969296060738,0.9241014959086362
6,93,20320898,1814.4184775480041,0.012045023697595664,0.9995069604088911,5000,False,True,0.9544961256731056,0.9015892940240768
6,94,20320899,1847.7709188423928,0.012155224729638514,0.9994978974092459,5000,False,True,0.8807702150773018,0.6819511779753882
6,95,20320900,1829.5389571864027,0.012095108248706271,0.9995028516571391,5000,False,True,0.9111058193813464,0.5767361774415929
6,96,20320901,1846.9325271042408,0.012152466813025798,0.9994981252289715,5000,False,True,0.9362732253415458,0.8590754158185459
6,97,20320902,1951.3792603856473,0.012491361333873484,0.9994697434772936,5000,False,True,0.9386729022873288,0.8393975955996519
6,98,20320903,1812.591009028942,0.012038956341239016,0.9995074569946251,5000,False,True,0.9937332550361825,0.9749395901956772
6,99,20320904,1829.7410894252885,0.012095776379815673,0.9995027967308927,5000,False,True,0.9396601136734847,0.877387406455539
7,0,20330805,794.1526785266664,0.007968763379694802,0.9997842015407449,5000,False,True,0.8686500037211052,0.6838563100917732
7,1,20330806,1288.8078620444699,0.010151565407059651,0.9996497867999122,5000,False,True,0.8984632600976291,0.6484317463291399
7,2,20330807,820.2049636521288,0.008098416811288246,0.9997771222433476,5000,False,True,0.9311532518176563,0.7330502465510867
7,3,20330808,903.3046109436403,0.0084987693373884,0.9997545412254463,5000,False,True,0.9026738558677987,0.8232433333810891
7,4,20330809,825.8944069123482,0.00812645605695254,0.9997755762269168,5000,False,True,0.9298418110252425,0.8898455951798623
7,5,20330810,1497.9337462836243,0.010944230498835814,0.9995929601407201,5000,False,True,0.929978779665986,0.8321001136528798
7,6,20330811,1401.725949508423,0.010586940820510544,0.9996191030914068,5000,False,True,0.9017621650247774,0.8007535981592487
7,7,20330812,870.0578969993879,0.008340901747138018,0.9997635754953524,5000,False,True,0.8996087501011507,0.7707977046604605
7,8,20330813,791.2909218297672,0.007954392564087078,0.9997849791779709,5000,False,True,0.8674994351339774,0.7603373274382222
7,9,20330814,776.8758116694895,0.007881606143008455,0.9997888962566973,5000,False,True,0.867249093297245,0.6930846811720249
7,10,20330815,778.9422767471075,0.00789208159302106,0.9997883347274197,5000,False,True,0.9056179350569754,0.8355475600148429
7,11,20330816,872.8684868082006,0.008354362892597922,0.9997628117619208,5000,False,True,0.8704809547629202,0.7540633888399988
7,12,20330817,1101.4390511724505,0.009384673415758578,0.9997007013177273,5000,False,True,0.8838252892550255,0.7910046629405033
7,13,20330818,1404.807244366234,0.010598570618310649,0.9996182657981497,5000,False,True,0.8858475745565214,0.7532628518481044
7,14,20330819,826.5160562607066,0.008129513866647143,0.9997754073035156,5000,False,True,0.8996658971027598,0.7484241932385182
7,15,20330820,775.8511494641796,0.007876406696373803,0.9997891746924832,5000,False,True,0.9546848302459578,0.9169604659405433
7,16,20330821,1360.5039564394328,0.010430108670367226,0.9996303045175711,5000,False,True,0.8847436069385335,0.741496235519865
7,17,20330822,1383.0517930495043,0.01051618338312477,0.9996241774987603,5000,False,True,0.9395014923625951,0.8393124732541001
7,18,20330823,766.6831954293482,0.007829732069520718,0.9997916659393287,5000,False,True,0.8916349877521063,0.7737700459314123
7,19,20330824,755.3480534193452,0.007771636619138709,0.9997947460853098,5000,False,True,0.8906795877399312,0.7494672068366076
7,20,20330825,935.8818347363164,0.008650663875514242,0.9997456888789249,5000,False,True,0.8880452658794079,0.5127263580891123
7,21,20330826,773.6850432994189,0.007865403904117718,0.9997897632976539,5000,False,True,0.8987499908782811,0.7622860684592618
7,22,20330827,1182.824426495823,0.009725211860610665,0.9996785861261833,5000,False,True,0.8887908443804554,0.7077966405572764
7,23,20330828,788.4163051073268,0.007939930983704517,0.9997857603097059,5000,False,True,0.9050659868508272,0.8370657783022892
7,24,20330829,1685.2173450583746,0.01160825364411627,0.999542068777948,5000,False,True,0.8831444716160073,0.8029738717154858
7,25,20330830,1099.4230234060738,0.009376080826100038,0.9997012491414613,5000,False,True,0.8457895346930842,0.5592759144475942
7,26,20330831,849.799986085033,0.008243227552401254,0.9997690802629887,5000,False,True,0.9258497413431833,0.7959596567547974
7,27,20330832,739.8061252100039,0.007691267037774096,0.9997989693590608,5000,False,True,1.0,0.9999999999999997
7,28,20330833,778.1029992140669,0.007887828754200556,0.9997885627878461,5000,False,True,0.88645974370676,0.7552890242307088
7,29,20330834,941.557157553268,0.008676853669362036,0.9997441466995017,5000,False,True,0.9143793859847013,0.8400175384783363
7,30,20330835,739.8381322160756,0.0076914334136392185,0.999798960661662,5000,False,True,0.9099808216554166,0.7920014271193497
7,31,20330836,792.0469220289256,0.007958191474545335,0.9997847737468459,5000,False,True,0.8912543548103403,0.7648649297456133
7,32,20330837,950.1925846363506,0.008716552438513488,0.9997418001584525,5000,False,True,0.903421289828679,0.7829430899033037
7,33,20330838,1478.0169883645742,0.010871228939222946,0.9995983722054131,5000,False,True,0.916440090064766,0.6807828004667388
7,34,20330839,1802.349216768998,0.012004895939272644,0.9995102400400638,5000,False,True,0.9055319505305711,0.8362110429976838
7,35,20330840,1629.2463346105606,0.011413853792725023,0.9995572780168566,5000,False,True,0.8945518676920844,0.7358507625505335
7,36,20330841,773.2978554427166,0.007863435551481902,0.9997898685098444,5000,False,True,0.9194155048573712,0.7893790100051261
7,37,20330842,1169.8416173442324,0.009671692105825584,0.9996821139997113,5000,False,True,0.8937567145495304,0.8022172622884393
7,38,20330843,893.8933158909489,0.00845438018478576,0.9997570985963737,5000,False,True,0.9258593742965503,0.7810811294471786
7,39,20330844,1117.555452217819,0.009453082967925254,0.9996963219400479,5000,False,True,0.9077120581688306,0.8429675737309781
7,40,20330845,836.2823719531697,0.008177402975953837,0.9997727534613312,5000,False,True,0.9173379009589487,0.8242317977248502
7,41,20330846,764.7183435455398,0.007819692633918383,0.9997921998568242,5000,False,True,0.8827083407057673,0.7885362885230732
7,42,20330847,755.7838315143139,0.007773878116060652,0.9997946276694888,5000,False,True,0.9209140784572375,0.7530642993060633
7,43,20330848,1004.746275481986,0.008963283465272308,0.9997269760537815,5000,False,True,0.8906710268991541,0.7776898541002142
7,44,20330849,799.5270224300299,0.00799568179450364,0.9997827411475922,5000,False,True,0.8888792407520262,0.6852514685464848
7,45,20330850,910.5475557372436,0.008532774043634254,0.999752573069487,5000,False,True,0.9109572808956766,0.7425051247944727
7,46,20330851,757.9344056896804,0.007784930499546024,0.9997940432848911,5000,False,True,0.8734615044794446,0.7154983659776977
7,47,20330852,1731.3620221411331,0.011766109133366686,0.9995295296900792,5000,False,True,0.8571237812269195,0.7685649532342217
7,48,20330853,820.3807448630329,0.008099284565882027,0.9997770744775772,5000,False,True,0.9313506770345584,0.8653438091287478
7,49,20330854,1339.4906999706934,0.010349247666618667,0.9996360145384431,5000,False,True,0.8894390674133132,0.7913706024964047
7,50,20330855,820.3350192708001,0.008099058847673516,0.9997770869027854,5000,False,True,0.9246695456194466,0.8459635937210584
7,51,20330856,1200.0290985143872,0.009795685140667977,0.9996739110280392,5000,False,True,0.9154254637375823,0.6824792834027685
7,52,20330857,812.1069368139231,0.00805833910064341,0.9997793227543601,5000,False,True,0.8965027858841338,0.7722888365986953
7,53,20330858,1414.08801443639,0.01063352237939327,0.9996157438953267,5000,False,True,0.9360379180467674,0.8294811079819944
7,54,20330859,1209.903810464355,0.009835905579264718,0.9996712277308824,5000,False,True,0.9126763656715697,0.8141788500528147
7,55,20330860,1072.23305856945,0.009259414488920602,0.9997086375853684,5000,False,True,0.9279881579296555,0.8075964641976308
7,56,20330861,1582.44062342071,0.011248707926914604,0.9995699967303133,5000,False,True,0.8742723343133426,0.8085192440840544
7,57,20330862,1374.785082113298,0.010484707865320264,0.9996264238470147,5000,False,True,0.8910307068993484,0.7242517834657729
7,58,20330863,887.6636045350044,0.008424868590738089,0.9997587914221345,5000,False,True,0.8773549853177737,0.6707064622627182
7,59,20330864,1418.5149751639947,0.01065015408841551,0.9996145409386031,5000,False,True,0.882999575847229,0.6794698812260608
7,60,20330865,947.6748891333359,0.008704996790910491,0.999742484302478,5000,False,True,0.9195230917837363,0.7897686122911418
7,61,20330866,790.3209557469214,0.007949515813545374,0.9997852427509486,5000,False,True,0.8804168423972815,0.7718318325445638
7,62,20330867,1672.0993759251712,0.01156298523755501,0.9995456333790682,5000,False,True,0.9312647583575596,0.8292829068843356
7,63,20330868,759.2525037055395,0.007791696813340957,0.999793685112554,5000,False,True,0.9182606793498875,0.7438003245216668
7,64,20330869,753.9219341999926,0.0077642966143343685,0.9997951336107046,5000,False,True,0.888330942851478,0.7266390087836093
7,65,20330870,1339.9441312501644,0.010350999181410424,0.9996358913256477,5000,False,True,0.8888825512238009,0.8370733686470853
7,66,20330871,1197.6187750693873,0.009785842613773183,0.9996745659954023,5000,False,True,0.8704057499869872,0.7367078050025512
7,67,20330872,783.850573631688,0.007916907469046849,0.9997870009751906,5000,False,True,0.9407353829118816,0.873857582050547
7,68,20330873,1605.8481411145012,0.011331598166152314,0.9995636361067332,5000,False,True,0.8938261474143426,0.7208080354414799
7,69,20330874,1751.7367244062286,0.01183513854411978,0.9995239931862362,5000,False,True,0.938396896722117,0.8863435444799023
7,70,20330875,741.814042235182,0.00770169744710832,0.9997984237392926,5000,False,True,0.9030793677155492,0.7780564199737899
7,71,20330876,836.5650699187721,0.00817878500906267,0.9997726766426198,5000,False,True,0.9059935526864431,0.8603511082934026
7,72,20330877,854.9645663839799,0.00826823833379036,0.9997676768697857,5000,False,True,0.916586728342154,0.7943916268741426
7,73,20330878,783.7412719070854,0.007916355474931514,0.9997870306762096,5000,False,True,0.8832600597566044,0.7086092384678041
7,74,20330879,1027.1333786587663,0.009062590366734865,0.9997208927117449,5000,False,True,0.8785075103317813,0.7944919442866649
7,75,20330880,784.9906491225212,0.007922662770455806,0.9997866911776655,5000,False,True,0.8835310000114504,0.6559796676549622
7,76,20330881,1219.0716075492305,0.009873100028893998,0.9996687365266855,5000,False,True,0.8991326880626282,0.7726920709758578
7,77,20330882,832.5758768818104,0.008159261279300304,0.9997737606428811,5000,False,True,0.9156465891640391,0.7503125017589051
7,78,20330883,1557.3085219861825,0.011159025213901492,0.9995768259823125,5000,False,True,0.9037254651808578,0.738752806611677
7,79,20330884,1079.3323799041364,0.009290017494134172,0.9997067084568176,5000,False,True,0.9037108602922349,0.8000240095381891
7,80,20330885,960.1017562719139,0.008761885244118615,0.9997391074974198,5000,False,True,0.8902136002968629,0.7118470015672542
7,81,20330886,882.1685262291876,0.00839875104871219,0.9997602846229559,5000,False,True,0.8774509945401209,0.7165265666149966
7,82,20330887,1255.901526582449,0.01002113061986479,0.9996587285773367,5000,False,True,0.9093032575170886,0.8278619846834537
7,83,20330888,932.7176562542271,0.008636027722327138,0.999746548694499,5000,False,True,0.8585217659091621,0.6198572453580058
7,84,20330889,1373.7273657776966,0.010480673787269409,0.9996267112647389,5000,False,True,0.9216435490187699,0.8281561693001909
7,85,20330890,1063.3146354629296,0.009220825952022211,0.9997110610261215,5000,False,True,0.9142802702323036,0.7959940948716153
7,86,20330891,886.5660730766796,0.008419658611301171,0.9997590896589901,5000,False,True,0.8976158884441692,0.655879783584828
7,87,20330892,807.1269399942107,0.00803359345900947,0.9997806759899153,5000,False,True,0.8840525882452749,0.7485793926083238
7,88,20330893,825.8802599018837,0.008126386456317013,0.9997755800711436,5000,False,True,0.8770959856081707,0.7303923862859774
7,89,20330894,1502.7013068919073,0.01096163308134857,0.9995916646313533,5000,False,True,0.8928736932322019,0.8175107056167373
7,90,20330895,1698.8610198007848,0.011655149661836579,0.9995383613246237,5000,False,True,0.9245018177282992,0.8417015750908962
7,91,20330896,759.2352054310768,0.007791608052568316,0.999793689813087,5000,False,True,0.9119666179766345,0.8131989444106039
7,92,20330897,1465.8591116088137,0.0108264243159903,0.9996016759165792,5000,False,True,0.8679566389851544,0.7716311512451889
7,93,20330898,1035.8179776275833,0.00910082264407853,0.9997185328090117,5000,False,True,0.9076410385872448,0.7991457814051154
7,94,20330899,1538.93436877336,0.01109299911091337,0.9995818188685176,5000,False,True,0.953580529709406,0.8478348603822113
7,95,20330900,1466.369255451323,0.010828308041790993,0.9996015372930398,5000,False,True,0.9210184876988237,0.8092097061868322
7,96,20330901,880.2559744263996,0.00838964181297626,0.9997608043287297,5000,False,True,0.9302393308468232,0.8483258139871771
7,97,20330902,804.6770449277823,0.00802139189712557,0.999781341710242,5000,False,True,0.9157005159049169,0.7401094953913427
7,98,20330903,788.9201838820512,0.007942467793033198,0.9997856233885997,5000,False,True,0.8638192710944754,0.6692246574827804
7,99,20330904,1517.2449514364926,0.01101455052235963,0.9995877126254362,5000,False,True,0.9148715922910498,0.6866254012172522
8,0,20340805,527.3184703065855,0.006493448800658891,0.9998567095263847,5000,False,True,0.9095359888115043,0.8113403157119393
8,1,20340806,524.314958242255,0.0064749296287494856,0.999857525683395,5000,False,True,0.900511497464663,0.688614383488243
8,2,20340807,742.7928429034532,0.007706776847832791,0.9997981577656557,5000,False,True,0.8880682988356297,0.809840998579844
8,3,20340808,358.742622750891,0.005355874823981979,0.9999025173529573,5000,False,True,0.8613480274791954,0.6626308848842634
8,4,20340809,631.7381967550011,0.007107346633370852,0.9998283351133874,5000,False,True,0.9101967721963502,0.8167792191663104
8,5,20340810,613.5471288031214,0.0070042702250530265,0.999833278249062,5000,False,True,0.8962952124517178,0.6898314127343975
8,6,20340811,601.9095155707411,0.006937524555892699,0.999836440586825,5000,False,True,0.8738436558223307,0.7143993890751624
8,7,20340812,482.58205562721014,0.0062119008227365545,0.9998688659411668,5000,False,True,0.9137230784746455,0.7657287541225595
8,8,20340813,552.9618025333446,0.006649461791670429,0.9998497413554847,5000,False,True,0.8550809181633954,0.614965064607064
8,9,20340814,456.8052904832763,0.006043722165912637,0.9998758703703565,5000,False,True,0.8592674029727428,0.6306909945177689
8,10,20340815,661.4365623681899,0.0072724882409944515,0.9998202650511501,5000,False,True,0.84388510164483,0.603554464738788
8,11,20340816,655.1799367875184,0.007238010748207438,0.9998219651904268,5000,False,True,0.8848457532901308,0.754065567284341
8,12,20340817,716.9976626592824,0.007571776718902119,0.9998051671988585,5000,False,True,0.9365122848793963,0.8322963919797925
8,13,20340818,373.272078299147,0.005463257632975439,0.9998985692026761,5000,False,True,0.8984108670948416,0.6624420674828799
8,14,20340819,752.0727122447925,0.007754768623299723,0.9997956361075916,5000,False,True,0.8955133833334172,0.6888301765756631
8,15,20340820,353.51288623365565,0.0053166926292959335,0.9999039384513346,5000,False,True,0.8496057130071561,0.582290361856357
8,16,20340821,409.354370448119,0.005721219952096496,0.9998887644091361,5000,False,True,0.9166891218514877,0.7102889244683703
8,17,20340822,607.2985923760972,0.006968512221242636,0.9998349761902388,5000,False,True,0.8889821867681134,0.7961859576691794
8,18,20340823,1160.135913730692,0.009631487479366424,0.9996847513715196,5000,False,True,0.901241187147996,0.6452411737979125
8,19,20340824,547.0548544958701,0.006613850394252372,0.9998513464754066,5000,False,True,0.8942815516357654,0.6062554131155474
8,20,20340825,413.769278582543,0.00575198904011447,0.9998875647275145,5000,False,True,0.8771764426124806,0.7421546934564147
8,21,20340826,749.6387593571454,0.007742209972291438,0.999796297495883,5000,False,True,0.9118137752272424,0.7822138402490912
8,22,20340827,756.5844721260805,0.007777994660217308,0.999794410108036,5000,False,True,0.8613550326094774,0.6441202279410193
8,23,20340828,1347.187435057977,0.010378938548341826,0.9996339230721318,5000,False,True,0.8990271600556694,0.7800682703586067
8,24,20340829,447.1837333079091,0.005979734853806168,0.999878484876698,5000,False,True,0.9465391030312429,0.8315217833161876
8,25,20340830,370.9444916345332,0.005446197569031469,0.9998992016876246,5000,False,True,0.9184843030005616,0.6014055149716189
8,26,20340831,514.6749888735299,0.006415129986536764,0.9998601451929595,5000,False,True,0.9393213673076674,0.8211657714901432
8,27,20340832,856.6658051244523,0.008276460462224512,0.9997672145850023,5000,False,True,0.9360659376498502,0.8516840935462878
8,28,20340833,674.5037230753672,0.007343973555809772,0.9998167142564178,5000,False,True,0.8838674429585295,0.6761053646840491
8,29,20340834,371.80532788656757,0.005452513294943587,0.9998989677689565,5000,False,True,0.9459988727907198,0.8711126638750576
8,30,20340835,1134.4235800563747,0.009524157120338854,0.9996917382924742,5000,False,True,0.9270994449157326,0.7431287936571188
8,31,20340836,551.7096924584102,0.006641929104409274,0.9998500815966402,5000,False,True,0.8288357193105695,0.6796412724453058
8,32,20340837,594.2713785204884,0.006893365969693867,0.9998385161300444,5000,False,True,0.9187032771458477,0.771595367095585
8,33,20340838,726.0226384871546,0.007619281342499376,0.9998027148040847,5000,False,True,0.9364600664426954,0.7596843897015473
8,34,20340839,396.2773561066139,0.00562909472841181,0.999892317881438,5000,False,True,0.8528596417514793,0.6704162250260982
8,35,20340840,345.14607773809774,0.005253399156135582,0.9999062119995213,5000,False,True,0.9130598791355417,0.7044426314179373
8,36,20340841,341.37622472388614,0.005224630295643776,0.9999072363975925,5000,False,True,0.9305466062863145,0.8349972477898725
8,37,20340842,787.7436397909095,0.007936543144160165,0.9997859430958915,5000,False,True,0.8912658366795789,0.6590951944710347
8,38,20340843,913.3957858534991,0.00854610905732307,0.9997517991078958,5000,False,True,0.9322215744277822,0.721537665432453
8,39,20340844,479.3855978228853,0.0061912938938836195,0.9998697345281373,5000,False,True,0.9068463414872583,0.7879183512911021
8,40,20340845,310.94127468881914,0.004986296691875129,0.9999155066150237,5000,False,True,1.0,0.9999999999999999
8,41,20340846,731.5464864620083,0.0076482115699504005,0.9998012137855596,5000,False,True,0.881038382843573,0.7369288236286139
8,42,20340847,387.9978999543212,0.0055699797500217375,0.9998945676930037,5000,False,True,0.9483611050983609,0.8332744234650586
8,43,20340848,455.13290626632426,0.0060326488556011046,0.9998763248143785,5000,False,True,0.8171600692022588,0.5711925244025391
8,44,20340849,408.7850437903538,0.005717240055222567,0.9998889191146718,5000,False,True,0.8840317531899573,0.698521444308155
8,45,20340850,595.6407933797988,0.006901303795886993,0.9998381440131646,5000,False,True,0.8867275772097575,0.7236006400536001
8,46,20340851,605.6879467226222,0.006959265323799653,0.9998354138577803,5000,False,True,0.9414214926502131,0.8950702016600868
8,47,20340852,635.2587297148679,0.007127122930751235,0.999827378464107,5000,False,True,0.8742309483926503,0.7202104976100563
8,48,20340853,375.58497295345273,0.005480157404741219,0.9998979407100494,5000,False,True,0.9440539858636172,0.8595260320773086
8,49,20340854,526.9690012487351,0.006491296746764692,0.9998568044890869,5000,False,True,0.945274341499938,0.8739080764076721
8,50,20340855,535.6619352892087,0.0065446182912686545,0.9998544423214293,5000,False,True,0.8955084429504945,0.7823464411826263
8,51,20340856,468.84158082454354,0.006122827013286323,0.9998725996983799,5000,False,True,0.9433113669087559,0.85802639908728
8,52,20340857,1081.3129984820878,0.00929853736629747,0.9997061702549718,5000,False,True,0.8937873277698475,0.5694137023325907
8,53,20340858,975.4084246874702,0.00883145336464392,0.9997349481518056,5000,False,True,0.9363196836268374,0.7695219092918215
8,54,20340859,477.569183278476,0.006179553210159669,0.9998702281101282,5000,False,True,0.8986768152912735,0.7522458515588063
8,55,20340860,403.68110916215113,0.005681436303419701,0.9998903060283708,5000,False,True,0.912038262919075,0.755162861238491
8,56,20340861,505.0778931192659,0.006355037372456487,0.9998627530522958,5000,False,True,0.9097033218452163,0.721945115984342
8,57,20340862,478.2882023190676,0.006184203369161038,0.9998700327280494,5000,False,True,0.8784217722182895,0.6139405297114571
8,58,20340863,1156.9637771409875,0.009618310873596847,0.9996856133495838,5000,False,True,0.8286958085889244,0.6452455897271766
8,59,20340864,332.2177687724537,0.0051540705307141785,0.9999097250634836,5000,False,True,0.9276262531958483,0.757869157190189
8,60,20340865,639.7322410887065,0.007152173614861483,0.9998261628579798,5000,False,True,0.9090394580105566,0.8048680765812057
8,61,20340866,368.8279101980149,0.005430637543849874,0.9998997768352319,5000,False,True,0.9140667041157532,0.8368492455488814
8,62,20340867,622.9816616883994,0.007057917217252837,0.9998307145636203,5000,False,True,0.8806826473818714,0.6628795135126619
8,63,20340868,557.7743253679271,0.006678334817823644,0.9998484336283424,5000,False,True,0.9189579787057778,0.8619177690336821
8,64,20340869,322.86300191199354,0.005080986827515039,0.9999122670737668,5000,False,True,0.9226060505711555,0.7934183730707096
8,65,20340870,405.9917481292946,0.005697673149579479,0.9998896781486916,5000,False,True,0.8692583092731243,0.739717291036458
8,66,20340871,529.3133209975799,0.006505719595166967,0.9998561674571868,5000,False,True,0.9113351967253189,0.7288440744713998
8,67,20340872,591.2349073113094,0.006875732347802068,0.9998393412431822,5000,False,True,0.8929745808982013,0.6752984240744142
8,68,20340873,404.85964483466853,0.00568972365609929,0.9998899857798982,5000,False,True,0.910176990447112,0.7500095421453183
8,69,20340874,463.13219865029356,0.006085432039240776,0.999874151132896,5000,False,True,0.8543788301593704,0.7115727520661413
8,70,20340875,418.8995163033568,0.005787538035872557,0.9998861706663652,5000,False,True,0.9046565438036601,0.7096508485029828
8,71,20340876,1408.0666993437233,0.010610858976312379,0.9996173800926913,5000,False,True,0.8814635081917273,0.8034929212060056
8,72,20340877,515.439035240255,0.006419889921576386,0.9998599375754155,5000,False,True,0.9033326360078175,0.737872461412685
8,73,20340878,370.0755286128367,0.005439814782345126,0.9998994378146141,5000,False,True,0.9177890377775446,0.695538339677644
8,74,20340879,771.7754758798928,0.007855691426015811,0.9997902821924687,5000,False,True,0.9070902915018851,0.6520037642094499
8,75,20340880,464.3800300494476,0.006093624608407792,0.9998738120544032,5000,False,True,0.9306023720614588,0.8574610511134155
8,76,20340881,662.3770371138027,0.007277656659552751,0.9998200094919779,5000,False,True,0.9011667615280404,0.7728648429955306
8,77,20340882,763.6591371356769,0.007814275254639767,0.9997924876794526,5000,False,True,0.8852293223131587,0.6166571364368464
8,78,20340883,521.4690709409861,0.006457333342099601,0.9998582990083632,5000,False,True,0.8804764494230977,0.808603901530274
8,79,20340884,676.5229795728641,0.007354958138811789,0.999816165555327,5000,False,True,0.8623313282452264,0.5994525274125543
8,80,20340885,704.5227541653843,0.007505617719277429,0.999808557058397,5000,False,True,0.9293568038559521,0.8616280073281486
8,81,20340886,522.1825785975802,0.006461749502226775,0.9998581051239162,5000,False,True,0.9349901660686292,0.8745051774785857
8,82,20340887,677.4550295715336,0.007360022881212437,0.999815912285447,5000,False,True,0.8914620866022098,0.6479862550671693
8,83,20340888,317.2346435403919,0.005036504576578416,0.999913796491343,5000,False,True,0.8970365070684678,0.756230603354176
8,84,20340889,573.2849796439101,0.006770554064448951,0.9998442188527894,5000,False,True,0.9135621650052641,0.8066750672788359
8,85,20340890,530.1167739894191,0.006510655289790626,0.9998559491315141,5000,False,True,0.9362330281649085,0.8405654225687366
8,86,20340891,703.7777456956826,0.007501648203892339,0.999808759502693,5000,False,True,0.9003246337476878,0.7180157602469568
8,87,20340892,438.0965489626791,0.0059186661652294095,0.9998809541756548,5000,False,True,0.892742847216318,0.7598966902180851
8,88,20340893,333.5930401062096,0.005164727583884059,0.9999093513551994,5000,False,True,0.9045097903340129,0.48545335224140307
8,89,20340894,671.391822825388,0.007327012838692794,0.9998175598662074,5000,False,True,0.9167126458776658,0.7712363328475105
8,90,20340895,467.3849468920765,0.00611330817357493,0.9998729955156666,5000,False,True,0.9244966906988892,0.8293170783774433
8,91,20340896,471.38414660343557,0.006139406858052876,0.9998719087962493,5000,False,True,0.9201186110315976,0.6698754092320455
8,92,20340897,390.7820906725062,0.0055899285241870185,0.9998938111331085,5000,False,True,0.8978587031653356,0.7276785861552966
8,93,20340898,439.41276510753363,0.005927550509909989,0.9998805965146864,5000,False,True,0.8831482482190837,0.7304234346915154
8,94,20340899,649.1736703497254,0.007204757658505586,0.9998235972985569,5000,False,True,0.8977295482688457,0.688190084316565
8,95,20340900,339.09586266420285,0.005207151029721533,0.9999078560499998,5000,False,True,0.9222005721020191,0.8212427591790042
8,96,20340901,420.7423381080946,0.0058002543279682146,0.9998856699086182,5000,False,True,0.8892578075606093,0.7482876270859699
8,97,20340902,336.653973678254,0.005188368348781117,0.9999085195948005,5000,False,True,0.9087077874894696,0.7695096552899002
8,98,20340903,534.1189532566669,0.006535185559275165,0.9998548616024495,5000,False,True,0.956612755738793,0.8824120111991045
8,99,20340904,1196.8683118486265,0.009782776084608107,0.9996747699219407,5000,False,True,0.8576937072286271,0.7051241208775515
