rank,region_id,native_cell_count,longitude_mean,latitude_mean,region_lon_index,region_lat_index,region_lon_min,region_lon_max,region_lat_min,region_lat_max,small_region_lt_4_cells,very_small_region_lt_2_cells,precipitation_peak_month,soil_moisture_peak_month,runoff_peak_month,aet_peak_month,pet_peak_month,peak_month_forward_lag,peak_month_shortest_signed_lag,best_precipitation_lag_0_to_6,best_lag_correlation,corr_precipitation_soil_moisture,corr_precipitation_runoff,corr_soil_moisture_runoff,corr_precipitation_aet,corr_pet_aet,precipitation_mean_mm,precipitation_amplitude_mm,precipitation_seasonality_ratio,soil_moisture_mean_mm,soil_moisture_amplitude_mm,soil_moisture_seasonality_ratio,runoff_mean_mm,runoff_amplitude_mm,runoff_control_class,corr_precipitation_lag_0_soil_moisture,corr_precipitation_lag_1_soil_moisture,corr_precipitation_lag_2_soil_moisture,corr_precipitation_lag_3_soil_moisture,corr_precipitation_lag_4_soil_moisture,corr_precipitation_lag_5_soil_moisture,corr_precipitation_lag_6_soil_moisture,asynchrony_rank
1,MYS_07_34,1,116.75,4.25,34,7,116.5,117.0,4.0,4.5,True,True,5,11,12,3,8,6,-6,2,0.5359330839876109,0.2857908766261789,0.6831870541751378,0.5587407722967388,0.14740652826191583,0.5030096840508911,257.9442136508498,124.94192331567666,0.4843757553127226,875.9488391246564,43.60919753940129,0.04978509656223799,172.5938222462947,133.0551112474504,mixed,0.2857908766261789,0.5129677378623396,0.5359330839876109,0.2890036848422519,-0.0524709503803541,-0.23389642274301475,-0.20043633561175478,6
2,MYS_07_35,1,117.25,4.25,35,7,117.0,117.5,4.0,4.5,True,True,10,10,12,3,8,0,0,2,0.508686413559687,0.3033508037706845,0.7159243636512539,0.6668687225696425,-0.016446676583889142,0.4287019152489782,261.7234590001984,105.86479107792047,0.40449102836379763,870.7582541230389,55.688902588790825,0.06395449290902953,135.7105635237498,103.34932244627525,mixed,0.3033508037706845,0.4707679865072145,0.508686413559687,0.2618298693436637,-0.1034864020036639,-0.3829348419854577,-0.44965659724017876,10
3,MYS_11_00,1,99.75,6.25,0,11,99.5,100.0,6.0,6.5,True,True,10,10,10,12,3,0,0,1,0.9318523706401373,0.6896629600759568,0.8616811830433466,0.848617417450054,0.4656300580108737,-0.7369792419636182,205.17300145555944,317.9085486405815,1.5494657990341902,787.1923656453765,285.4647583007812,0.36263659400043097,76.84875839164454,224.54048814316852,mixed,0.6896629600759568,0.9318523706401373,0.8450548159503259,0.4390278529652934,-0.09509917286888768,-0.5225992018312425,-0.7157409597877078,11
4,MYS_12_01,1,100.25,6.75,1,12,100.0,100.5,6.5,7.0,True,True,10,10,10,12,3,0,0,1,0.9207486846813459,0.6709999654784976,0.8357133985539165,0.8622771026700485,0.19920334914735505,-0.5691382771793796,201.39578273180462,290.89446658597274,1.4443920455541615,791.9375584222133,260.1567933176078,0.3285066992351282,68.54493355106761,185.03646816494646,mixed,0.6709999654784976,0.9207486846813459,0.7882482965519794,0.3310959171634298,-0.19038152817360007,-0.5230925442554827,-0.6126965694236535,11
5,MYS_09_31,1,115.25,5.25,31,9,115.0,115.5,5.0,5.5,True,True,10,11,11,3,3,1,1,1,0.9111376093368256,0.6580603621881508,0.8569282781545163,0.82931367906451,-0.0170701423934041,0.9422639419538958,267.5177351664899,216.85679913490048,0.8106258786915173,846.186449593577,89.05840814309045,0.10524679068763765,107.56991759546725,108.86098150408168,mixed,0.6580603621881508,0.9111376093368256,0.6802711052032273,0.12231316602822902,-0.3497777624090088,-0.5158588558644535,-0.4166804304582091,11
6,MYS_11_01,1,100.25,6.25,1,11,100.0,100.5,6.0,6.5,True,True,10,10,10,12,3,0,0,1,0.9072679649708825,0.676207598605209,0.861037178102916,0.8422302572039646,0.1690750887594503,-0.5646056325616523,206.03120151397047,295.2357241475334,1.4329660846418653,755.6480508512813,240.06380371093746,0.3176926129042372,63.630724725719766,177.87403003055752,mixed,0.676207598605209,0.9072679649708825,0.7487620181081319,0.2673204823955903,-0.2552363279316723,-0.5668887987766053,-0.6147775990637695,11
7,MYS_09_32,1,115.75,5.25,32,9,115.5,116.0,5.0,5.5,True,True,10,11,10,3,3,1,1,1,0.8938515803101298,0.6000247438290014,0.8224819709631135,0.7275630604951794,0.03239929151061703,0.891892521904448,259.8649093392967,194.7624809539438,0.7494758774823619,836.8867993942805,86.36686380677304,0.10320017458667456,82.69335427143815,71.03463027342565,mixed,0.6000247438290014,0.8938515803101298,0.7100235327048816,0.1975557682705079,-0.2805715727996033,-0.45408205090832526,-0.36882229839111436,11
8,MYS_02_28,1,113.75,1.75,28,2,113.5,114.0,1.5,2.0,True,True,12,11,12,3,8,11,-1,1,0.8891685828809603,0.8542880325070648,0.9416067735882981,0.9486371952951093,-0.03410418862386192,0.6291369479584134,341.87329343072537,177.75373346641587,0.5199403898521677,888.0960411467375,32.38726145264968,0.03646819707790864,217.02208384436486,150.3308177947998,mixed,0.8542880325070648,0.8891685828809603,0.5559859798953959,0.09498929617620293,-0.282294936998056,-0.4613316720882073,-0.5257500690120747,1
9,MYS_12_02,1,100.75,6.75,2,12,100.5,101.0,6.5,7.0,True,True,10,11,11,1,3,1,1,1,0.8830242258199491,0.5957572154754405,0.6749852378153984,0.8659599306460483,-0.29975480850351294,-0.3156116780454898,203.26355584668525,274.4530859770598,1.3502326318844406,776.0740730568215,242.5412526825329,0.31252332876835437,71.07322037122653,217.02446613401912,storage-dominant,0.5957572154754405,0.8830242258199491,0.7757648466006599,0.358751416269817,-0.12246545663734648,-0.4250200269320219,-0.5180907282363346,11
10,MYS_02_29,1,114.25,1.75,29,2,114.0,114.5,1.5,2.0,True,True,3,11,3,3,8,8,-4,1,0.8810894603859591,0.8626341715559672,0.9249086530805712,0.9624682569532814,0.34623379302174984,0.528441603401803,326.85101170797196,147.1625871979244,0.45024363372449394,886.8242074466549,33.56910923549117,0.03785317197434583,198.97480545008625,139.45673269403042,mixed,0.8626341715559672,0.8810894603859591,0.3952208817978478,-0.2070728520097593,-0.5000917951098566,-0.3900510162691711,-0.18189864673707407,4
11,MYS_01_29,1,114.25,1.25,29,1,114.0,114.5,1.0,1.5,True,True,3,3,3,3,8,0,0,1,0.8786965272270163,0.8544084863613288,0.9273499553456157,0.9444261800759763,0.3193931225432452,0.48353770189475426,333.863033738788,159.56562847261233,0.47793739452285494,887.0173053167564,35.81815777893962,0.04038044981112162,204.80316004551503,169.5080543819079,mixed,0.8544084863613288,0.8786965272270163,0.4738847472475945,-0.09382708735762892,-0.42851349562748164,-0.391181009513625,-0.2486945182962532,11
12,MYS_01_28,1,113.75,1.25,28,1,113.5,114.0,1.0,1.5,True,True,12,3,3,3,8,3,3,1,0.8754217750878263,0.8552291090769928,0.9251859217957564,0.9342637366485478,-0.050096528985716274,0.6246019007972954,346.6947075684866,180.12036665906805,0.5195359569297342,887.8555233900794,35.83121684681282,0.040357035466760706,220.90423095878523,174.93189995890916,mixed,0.8552291090769928,0.8754217750878263,0.5996242527428047,0.14759217432284163,-0.23977741982819928,-0.43260052347553146,-0.5263481014365865,9
13,MYS_03_28,1,113.75,2.25,28,3,113.5,114.0,2.0,2.5,True,True,12,11,1,3,8,11,-1,1,0.8680288235672678,0.837486470011298,0.928725283563886,0.921293625775551,-0.06580708270519604,0.6502009217258702,329.07936741685404,170.1757168218557,0.5171266681277206,886.3501449289873,31.701175480452207,0.03576597314483662,199.30980244965494,180.62415428805457,mixed,0.837486470011298,0.8680288235672678,0.43635397334580767,-0.00973726418519938,-0.3664634071054308,-0.4808158310729269,-0.5539676455153953,1
14,MYS_08_29,1,114.25,4.75,29,8,114.0,114.5,4.5,5.0,True,True,10,11,12,3,4,1,1,1,0.8679522007039872,0.7437766944149671,0.7425575924900627,0.8322144653217441,-0.5388589001297559,0.7678213343432319,294.1728048589494,211.19591541290282,0.7179314740333237,878.6366161770289,63.52342325846348,0.07229771908989585,121.82074158762892,168.9693064580361,mixed,0.7437766944149671,0.8679522007039872,0.4676155829698703,-0.1700475770833715,-0.4972929789167657,-0.49687659772982035,-0.4264919449628713,11
15,MYS_11_32,1,115.75,6.25,32,11,115.5,116.0,6.0,6.5,True,True,10,10,10,3,4,0,0,1,0.8647506189073599,0.6562584766694735,0.8035553372427818,0.8612071555459536,0.0071725611738299435,0.8783792710562176,228.30126638231854,179.82880812486016,0.7876820438819411,825.8614989386665,172.1797353108724,0.20848500085322358,90.08948273836738,155.605082710584,mixed,0.6562584766694735,0.8647506189073599,0.7292851747168227,0.33396255913278383,-0.126896620053749,-0.5025324424813362,-0.6842644193805272,11
16,MYS_02_30,1,114.75,1.75,30,2,114.5,115.0,1.5,2.0,True,True,4,11,11,3,8,7,-5,1,0.8640677006033225,0.831443073393685,0.9094416920529936,0.95831455919448,0.5074367249953726,0.4852143575897162,306.7384248260252,126.9953821818034,0.414018498836043,885.2977966686329,29.47296954271917,0.03329158804373587,187.74307666382163,135.80213008956383,mixed,0.831443073393685,0.8640677006033225,0.21766098117620247,-0.526818664357746,-0.6973541670624023,-0.285289170564718,0.19386499915519861,5
17,MYS_03_29,1,114.25,2.25,29,3,114.0,114.5,2.0,2.5,True,True,11,11,1,3,8,0,0,1,0.8633789279648791,0.8541473718089897,0.8564097936552122,0.9375025113133881,0.2688045291869487,0.6619794946605214,311.8231992213604,121.03755906281648,0.38816085321763705,885.4222278074235,31.848266310918916,0.03596958073865502,188.04184320682782,154.02406469415732,mixed,0.8541473718089897,0.8633789279648791,0.23917589212341558,-0.3640333092415061,-0.5726587844933424,-0.347401631470116,-0.14730230341330805,11
18,MYS_11_02,1,100.75,6.25,2,11,100.5,101.0,6.0,6.5,True,True,10,11,11,1,3,1,1,1,0.8630496938709019,0.6341957220221488,0.7459126775041847,0.8578257637551967,-0.46181053686834733,0.09472430059357102,211.4377356997379,278.9550708031869,1.3193249061242793,787.3946014142457,219.70911929647286,0.2790330526801321,88.81487779573649,207.16069571935842,mixed,0.6341957220221488,0.8630496938709019,0.7116843154702353,0.2434226438262118,-0.2740957465192913,-0.5753449177565373,-0.610952337819297,11
19,MYS_12_33,1,116.25,6.75,33,12,116.0,116.5,6.5,7.0,True,True,12,12,12,3,4,0,0,1,0.8554406701628745,0.7379975819449993,0.7352524629946127,0.890036272459514,-0.3336937933145199,0.4341961131652342,204.70825000195973,172.80651281364118,0.8441599828633524,781.1947582420618,168.3249348958334,0.2154711525133865,75.47155612263539,232.2478607314389,storage-dominant,0.7379975819449993,0.8554406701628745,0.6313984535471565,0.16805144015192738,-0.25362102740446696,-0.4594733835715592,-0.5559147501675484,11
20,MYS_11_33,1,116.25,6.25,33,11,116.0,116.5,6.0,6.5,True,True,10,11,1,3,4,1,1,1,0.8553078574338553,0.6609790419936658,0.6144135043231544,0.8434706295330041,-0.41928352989015655,0.8450925551196721,222.24289513577727,133.5627045045819,0.6009762625841558,818.474911513214,149.65464540277094,0.18284573332380613,88.0288837947138,125.56077986635881,storage-dominant,0.6609790419936658,0.8553078574338553,0.6556543805283507,0.21863614761616268,-0.19557709287492725,-0.4833656727078942,-0.6285763240957478,11
21,MYS_08_30,1,114.75,4.75,30,8,114.5,115.0,4.5,5.0,True,True,10,11,12,3,4,1,1,1,0.854349765398731,0.7750567411464215,0.8198293967563353,0.7886653181213255,-0.44991347030404255,0.8890093747396037,284.17231177110114,185.61136066341058,0.653164833359695,882.9218852345093,61.06501764550433,0.06916242384147618,160.24958885005069,204.513011022569,mixed,0.7750567411464215,0.854349765398731,0.3397620801048981,-0.29465450539771787,-0.5243784426376399,-0.490780514226275,-0.36363122912243934,11
22,MYS_01_30,1,114.75,1.25,30,1,114.5,115.0,1.0,1.5,True,True,4,11,11,3,8,7,-5,1,0.8535344303096348,0.8325477874498535,0.9399069032923798,0.9515422113162073,0.5674880174426243,0.3050013627717969,313.44393753338886,143.07516981555568,0.45646175498390346,885.7187324824725,37.01503564978157,0.04179095946863025,202.27340959049897,154.8421363399875,mixed,0.8325477874498535,0.8535344303096348,0.3267728603450631,-0.31902368409537535,-0.5806059461293708,-0.3399280258784814,0.028085670983133137,5
23,MYS_10_01,1,100.25,5.75,1,10,100.0,100.5,5.5,6.0,True,True,10,10,10,12,3,0,0,1,0.8526480624693523,0.6323332995027394,0.88589662771139,0.8002979775862121,0.053627296246831636,-0.5204669607113979,217.5567944199175,308.27720167744263,1.4169964330436908,656.2557766617863,185.46742679700947,0.28261454358609567,55.45256970488845,159.55323466567452,mixed,0.6323332995027394,0.8526480624693523,0.6823059213271188,0.1781605660444762,-0.3449496873566747,-0.6240371859739164,-0.5993309317838589,11
24,MYS_08_31,1,115.25,4.75,31,8,115.0,115.5,4.5,5.0,True,True,10,11,12,3,3,1,1,1,0.8524738958345304,0.7445266952532172,0.8514095817987332,0.8172094812609313,-0.06093972663585334,0.9506988285278699,265.2062534634438,168.64323783053288,0.6358946504018949,863.2723596939331,70.27657371097143,0.08140718618152848,143.00563085748794,137.73120158905573,mixed,0.7445266952532172,0.8524738958345304,0.3776377618163983,-0.27037602270830474,-0.5104149275028385,-0.45083957726635926,-0.2324247691890639,11
25,MYS_13_34,1,116.75,7.25,34,13,116.5,117.0,7.0,7.5,True,True,12,12,12,3,4,0,0,1,0.8481045438521017,0.8267338648132306,0.9098430838261051,0.8733504614431277,0.16816783177018224,0.038377200728988474,199.52362652932564,279.51152901111317,1.4008943896678374,705.035500930565,182.8880724832286,0.2594026431886587,57.95108311469537,235.89041531388312,mixed,0.8267338648132306,0.8481045438521017,0.5910876931462078,0.14114805423492735,-0.29850193198163194,-0.5420420054259305,-0.6265522360967093,11
26,MYS_09_02,1,100.75,5.25,2,9,100.5,101.0,5.0,5.5,True,True,10,10,10,1,3,0,0,1,0.8460942039508911,0.6039125800404221,0.8293595779833843,0.8063554016024959,-0.5224517066217201,0.601964372013118,231.62596449103145,275.87742165303695,1.19104704975214,818.4225010205656,146.8385730611866,0.1794165884712116,93.35249072407733,209.7539947812092,mixed,0.6039125800404221,0.8460942039508911,0.578490663971293,-0.0508839955557036,-0.5488550207113408,-0.635779165506803,-0.3877524839128808,11
27,MYS_04_03,1,101.25,2.75,3,4,101.0,101.5,2.5,3.0,True,True,11,11,11,1,3,0,0,1,0.8459078097215157,0.806779942372883,0.9306269856688345,0.8347542015960828,-0.18785689627543806,0.2836208643639024,211.1572739866045,225.76221357981365,1.0691661685030829,868.8382320827908,61.9952473958333,0.07135418896935217,85.65404227972031,221.6456204891205,mixed,0.806779942372883,0.8459078097215157,0.25204113994037225,-0.44951259422253476,-0.6538725748483153,-0.35544314421925277,-0.07983520901985858,11
28,MYS_01_27,1,113.25,1.25,27,1,113.0,113.5,1.0,1.5,True,True,12,11,3,3,8,11,-1,1,0.8394754841006968,0.8289484331279209,0.9552569000840514,0.9311342184239706,-0.19944913933135075,0.6828820592412408,351.2077112367418,207.30236157403476,0.5902557231560801,889.6530504781382,33.927947237318904,0.03813615568348195,234.75594801071188,166.66882289748256,mixed,0.8289484331279209,0.8394754841006968,0.6022500897291275,0.20325934362349302,-0.19727559900185826,-0.4963424501108218,-0.6596703261495622,1
29,MYS_08_02,1,100.75,4.75,2,8,100.5,101.0,4.5,5.0,True,True,10,10,10,1,3,0,0,1,0.8382778037414581,0.57617061862392,0.8241863110605925,0.7792616576282885,-0.3841862536595436,0.5786771010449513,238.9487101985258,242.1887508450396,1.0135595653302414,859.9180956012618,94.9507272363677,0.11041833835346536,95.83202950104855,190.3904712789669,mixed,0.57617061862392,0.8382778037414581,0.40648671560804406,-0.3635252584174925,-0.779645367860515,-0.5636061913898636,-0.02494382047994077,11
30,MYS_07_02,1,100.75,4.25,2,7,100.5,101.0,4.0,4.5,True,True,10,11,11,1,3,1,1,1,0.8354761222331643,0.6877747236619252,0.9102358287221548,0.7724548362990706,-0.26408225320698653,0.5490483476016909,232.6668971188532,205.58843707482023,0.8836170491834062,880.0390055670705,51.70710895979482,0.05875547405592134,99.76393087772827,156.1878523629377,mixed,0.6877747236619252,0.8354761222331643,0.21344402185701686,-0.5982689548193019,-0.8512441512831428,-0.4131510860661356,0.16604549339660654,11
31,MYS_02_27,1,113.25,1.75,27,2,113.0,113.5,1.5,2.0,True,True,12,11,12,3,8,11,-1,1,0.8332831688160829,0.823012123671551,0.9755609336449284,0.908116158420106,-0.1590933283734624,0.6429537416136555,347.7520083154614,210.68839454449042,0.6058581676208914,891.7008851346345,30.38903638082843,0.03407985445280802,225.42971119589697,175.29088322331663,mixed,0.823012123671551,0.8332831688160829,0.5447850518461572,0.1466399219797587,-0.24816064697304635,-0.5366582231607671,-0.674921993407222,1
32,MYS_10_02,1,100.75,5.75,2,10,100.5,101.0,5.5,6.0,True,True,10,10,10,1,3,0,0,1,0.8326000265878714,0.6160111662485059,0.7956619944335483,0.8466762286850414,-0.5628688615510559,0.4851242385361689,222.15594155865793,290.50867399972583,1.3076790652615522,777.569147684168,197.6274467976889,0.25416060730583534,92.91575557735797,217.778668258715,mixed,0.6160111662485059,0.8326000265878714,0.6745624467991922,0.17248503329919465,-0.3639632554316996,-0.6469366646064917,-0.6204003517720083,11
33,MYS_10_32,1,115.75,5.75,32,10,115.5,116.0,5.5,6.0,True,True,10,10,10,3,3,0,0,1,0.8324490870237213,0.5855062715948737,0.8251669498100508,0.8362368752961489,0.11377457880533853,0.9409069515282314,253.9913606709823,213.23607802342298,0.8395406735886844,835.8542252709123,142.9821188596694,0.17106107086235864,101.07741983147407,161.60326926564414,mixed,0.5855062715948737,0.8324490870237213,0.7582943954263849,0.3770709765836534,-0.11470162253224513,-0.5048456175578275,-0.6469997988005198,11
34,MYS_11_03,1,101.25,6.25,3,11,101.0,101.5,6.0,6.5,True,True,10,11,12,1,3,1,1,1,0.8251164892395899,0.6527254730560571,0.7556938169295964,0.8086365308553646,-0.49644615148203175,0.17327491961210387,216.36281159034147,273.6678544910138,1.2648562499232676,802.6525050953923,212.46384574694503,0.2647021524236002,109.28528461709095,289.5860701901638,mixed,0.6527254730560571,0.8251164892395899,0.637396118945152,0.18131574314561144,-0.3213601644006195,-0.6138538148775224,-0.6327760592847497,11
35,MYS_08_32,1,115.75,4.75,32,8,115.5,116.0,4.5,5.0,True,True,5,11,12,3,3,6,-6,1,0.82406553701445,0.6243013145726762,0.8840306739322642,0.560968027803544,0.15417507976322944,0.8816786290445993,251.81035294194703,148.62262000472458,0.5902164794590015,854.3381384939365,64.24233798233922,0.07519544672977885,105.3215797386777,73.36433689866746,precipitation-dominant,0.6243013145726762,0.82406553701445,0.4770679520013256,-0.07218222868344834,-0.3852491442403716,-0.3726291309056022,-0.17584075894644405,6
36,MYS_12_34,1,116.75,6.75,34,12,116.5,117.0,6.5,7.0,True,True,12,12,12,3,4,0,0,1,0.8229634948294691,0.8114762673264015,0.8385637882730838,0.8690565820313555,-0.20502925429656535,0.35732309595389916,214.91043013399727,214.14965030927445,0.9964600144150823,756.0409878666693,162.25808534081898,0.21461546125781453,82.96034238318511,252.3811995362419,mixed,0.8114762673264015,0.8229634948294691,0.5303429362451746,0.04195387347543795,-0.37693283234714836,-0.5665795707193035,-0.6190243577093555,11
37,MYS_10_33,1,116.25,5.75,33,10,116.0,116.5,5.5,6.0,True,True,10,10,10,3,4,0,0,1,0.8200831268701931,0.5992703943760447,0.7514710074737267,0.8754558272739308,-0.10890091736146316,0.9155252980554636,235.05822926960295,143.99236241416327,0.6125816690680905,833.1792111553212,131.1982465439246,0.1574670188446008,104.36232064208538,128.25409963894458,mixed,0.5992703943760447,0.8200831268701931,0.7032939529873636,0.3425850862821573,-0.10911520694318802,-0.46978320352674274,-0.6189267478824253,11
38,MYS_10_31,1,115.25,5.75,31,10,115.0,115.5,5.5,6.0,True,True,10,10,10,3,3,0,0,1,0.8176185980871095,0.5721205651717315,0.8513150115398102,0.8319586328177451,0.20509991400027933,0.9158814533352163,265.5921757901156,249.18507359928554,0.9382244520493864,848.4605244106716,152.76980183919272,0.18005528535968648,108.47284697985482,211.01356703440348,mixed,0.5721205651717315,0.8176185980871095,0.7621370314237479,0.37163335210436027,-0.15011922179950465,-0.5642622349918849,-0.6961094077749068,11
39,MYS_03_30,1,114.75,2.25,30,3,114.5,115.0,2.0,2.5,True,True,11,11,11,3,8,0,0,1,0.8148297516906948,0.7439910801849035,0.8352115355823183,0.8967583670705419,0.44046419722979435,0.6462709057676083,296.23684015328746,107.85479151653988,0.36408297989112537,884.9397558063248,26.181264582808353,0.02958536376179974,176.0415684066697,121.43200842611253,mixed,0.7439910801849035,0.8148297516906948,0.044017744134565,-0.7140156323042539,-0.7542212487029606,-0.20327142890468186,0.32336025843075517,11
40,MYS_07_30,1,114.75,4.25,30,7,114.5,115.0,4.0,4.5,True,True,12,11,12,3,4,11,-1,1,0.8070814295696932,0.7818999702764937,0.8034140949672595,0.7822822359705885,-0.3778868103525461,0.8934777628796357,289.93282269767485,146.11956104278565,0.5039772995800157,889.0483273801452,39.288317043728284,0.04419143013237921,167.02260089634305,169.53908083830945,mixed,0.7818999702764937,0.8070814295696932,0.047977266982256524,-0.5721610553170059,-0.4646261100626137,-0.14496782990026502,-0.02747653174562144,1
41,MYS_07_31,1,115.25,4.25,31,7,115.0,115.5,4.0,4.5,True,True,5,12,12,3,3,7,-5,1,0.7823536638998526,0.75106958049176,0.7639812819221768,0.6974177363433238,-0.0010177676908037913,0.9273778059553264,265.3825399929727,133.39974617295798,0.5026696412525496,863.7002706510049,52.09361729092063,0.0603144621590261,128.06594441509,111.82948486562128,mixed,0.75106958049176,0.7823536638998526,0.18063179575013183,-0.4713992272341477,-0.4675435996775537,-0.2338108717050396,0.025382679619556613,5
42,MYS_10_03,1,101.25,5.75,3,10,101.0,101.5,5.5,6.0,True,True,10,10,12,3,3,0,0,1,0.7671024112834224,0.6509065631440497,0.7566736943523406,0.7825476285004683,-0.5284555416957178,0.5193557483780886,231.0715031482625,277.4252507675351,1.2006034798221337,825.748433765068,185.02747090657556,0.22407244548188554,131.97937053896337,334.9649893738662,mixed,0.6509065631440497,0.7671024112834224,0.5420054850780673,0.05613599893190253,-0.44404821437296,-0.6943129807303502,-0.6413360840650928,11
43,MYS_09_03,1,101.25,5.25,3,9,101.0,101.5,5.0,5.5,True,True,10,10,10,3,3,0,0,1,0.7624458805159864,0.6541408057938222,0.8387231303258548,0.8281819470368951,-0.48667558998640953,0.5796236874696131,236.24083196614785,267.49992709286,1.132318764993138,842.6950551404733,143.7482453845796,0.17058156981901057,129.18411554726552,230.9053345115853,mixed,0.6541408057938222,0.7624458805159864,0.4342258384883508,-0.16660756639231486,-0.6040236080557095,-0.6719892210284921,-0.4666701231845153,11
44,MYS_09_39,1,119.25,5.25,39,9,119.0,119.5,5.0,5.5,True,True,12,12,12,3,8,0,0,1,0.759841446863872,0.6657232008603743,0.5816911995473586,0.8365381484834049,-0.5087913604148152,0.522804122989964,164.0573215882346,122.77103427991479,0.7483423055513259,797.2779877556695,115.42820536295574,0.14477786560730857,51.707852798089796,99.16466289758682,storage-dominant,0.6657232008603743,0.759841446863872,0.6122619910526341,0.2315937882250978,-0.1979469483078345,-0.46482716189951906,-0.6147246434395095,11
45,MYS_07_29,1,114.25,4.25,29,7,114.0,114.5,4.0,4.5,True,True,12,11,12,3,4,11,-1,1,0.7571255788102185,0.6722034971784491,0.7922823524169764,0.7913115156289,-0.5281956604560395,0.8151920417511229,304.20219552298573,162.22389271628404,0.5332765348303553,884.5649411090604,49.37058659262641,0.05581341097548583,130.57504288757286,169.7722748296755,mixed,0.6722034971784491,0.7571255788102185,0.19664767027831828,-0.4595804555637348,-0.6218345325070687,-0.45592049033108173,-0.32620536749138934,1
46,MYS_09_33,1,116.25,5.25,33,9,116.0,116.5,5.0,5.5,True,True,5,10,10,3,4,5,5,1,0.7537744688120095,0.5167671737470209,0.7926085213339631,0.8032159446342632,0.08433530948081525,0.8440262632802537,241.68542601564263,133.43651834459752,0.5521082530477494,851.2889055125993,89.40891920645015,0.10502770402324582,98.50415044079011,72.98675176712374,mixed,0.5167671737470209,0.7537744688120095,0.662722763130732,0.36023379258130916,-0.08814447015728462,-0.41971288887501224,-0.4925967461074272,7
47,MYS_09_01,1,100.25,5.25,1,9,100.0,100.5,5.0,5.5,True,True,10,10,10,12,3,0,0,1,0.7468461611620469,0.5148503212515186,0.8813970375600535,0.7513346377530444,-0.22177008780658458,-0.12081927203139467,228.616422205593,290.28219405029097,1.2697346553225402,500.6905599806044,99.58076273600255,0.19888683888879408,45.294551151126825,126.82136591517676,mixed,0.5148503212515186,0.7468461611620469,0.5777214443072564,0.057738271562664076,-0.44860465166614044,-0.6633853757130835,-0.5209680820854942,11
48,MYS_08_03,1,101.25,4.75,3,8,101.0,101.5,4.5,5.0,True,True,10,10,10,3,3,0,0,1,0.7391480796203268,0.6091936066392782,0.8525790020119299,0.8332703459408901,-0.3356309410823734,0.5297584513896758,239.04178796816686,246.9325388607737,1.0330099224896094,854.7725909413062,107.57917852492562,0.12585707551344805,128.40478660460346,223.8561044712483,mixed,0.6091936066392782,0.7391480796203268,0.29574319895085505,-0.40307520949464687,-0.7514521844974578,-0.5938164076420895,-0.16989989979103307,11
49,MYS_08_33,1,116.25,4.75,33,8,116.0,116.5,4.5,5.0,True,True,5,10,5,3,4,5,5,1,0.7123035752087742,0.502549518923256,0.9056610560248817,0.47709262233776273,0.2995037578717935,0.7674599333800091,241.13467964949427,134.53684784218112,0.5579323888116783,862.145188159976,60.71825829561419,0.07042695259391457,117.88365399204758,74.56966005095727,precipitation-dominant,0.502549518923256,0.7123035752087742,0.4973579086574328,0.13637624620467267,-0.18449071133182787,-0.28758069979578205,-0.1972346901113053,7
50,MYS_04_30,1,114.75,2.75,30,4,114.5,115.0,2.5,3.0,True,True,11,11,11,3,4,0,0,1,0.7044845285408617,0.6866333919690443,0.7901919529683812,0.8438706029632158,0.3047292780545992,0.7438177387345497,291.5532315485037,96.30209267164742,0.3303070666038092,886.6405635760848,25.462289674924932,0.028717713491731026,183.46929173214653,139.49394427479706,mixed,0.6866333919690443,0.7044845285408617,-0.10648563400745197,-0.6667838989073441,-0.6219754259520718,-0.1555067197141413,0.2322084807969808,11
51,MYS_07_32,1,115.75,4.25,32,7,115.5,116.0,4.0,4.5,True,True,5,12,12,3,3,7,-5,1,0.704402125024721,0.5727012405227395,0.8245769199935266,0.5522100347391767,0.22792944420905334,0.8199923382805571,254.24820858436343,138.62024887386687,0.5452162264807878,866.5361346751644,49.03325277382373,0.05658535266068815,142.7912255650759,97.04174337209282,precipitation-dominant,0.5727012405227395,0.704402125024721,0.37087346848587194,-0.07705868333368347,-0.3114905897823151,-0.3515754224894903,-0.14235122075947643,5
52,MYS_07_03,1,101.25,4.25,3,7,101.0,101.5,4.0,4.5,True,True,10,11,11,3,3,1,1,1,0.7005313122113546,0.6315178566627262,0.8809830106831843,0.8094197205555782,-0.23201168719005716,0.48606310199988184,232.97584274199173,203.5466078046065,0.8736811740177863,865.6157733325998,79.53795966859082,0.09188598696898925,130.8674964675879,209.85748420161553,mixed,0.6315178566627262,0.7005313122113546,0.09686926126038789,-0.6529226577441382,-0.8673970172279317,-0.4739241509329469,0.08944848516396565,11
53,MYS_10_34,1,116.75,5.75,34,10,116.5,117.0,5.5,6.0,True,True,10,10,1,3,4,0,0,1,0.6755354061298786,0.6703009091926166,0.6471908352227438,0.8065468632249844,-0.5024089079691657,0.7973371424004141,242.30277276258622,119.28505367824013,0.49229751817622963,847.1682511309804,112.71727445087731,0.13305181621289316,145.59189849139798,165.16589861186998,storage-dominant,0.6703009091926166,0.6755354061298786,0.3482212347375766,-0.009585337434511915,-0.3490644276168385,-0.5479804050531825,-0.6211646053565576,11
54,MYS_06_32,1,115.75,3.75,32,6,115.5,116.0,3.5,4.0,True,True,5,9,12,3,3,4,4,1,0.6597360077474477,0.5064796999122396,0.8472394257946099,0.706515933704172,0.23978389293015456,0.7628671159692358,266.4943823126771,130.32000891596297,0.48901597018678944,868.165986972385,49.253353479325824,0.056732645851619266,156.95142783002672,106.62720956415008,mixed,0.5064796999122396,0.6597360077474477,0.4877140669556607,0.11258081083843001,-0.21436519977850477,-0.3662329798738446,-0.29620194586126225,8
55,MYS_06_31,1,115.25,3.75,31,6,115.0,115.5,3.5,4.0,True,True,5,12,12,3,3,7,-5,1,0.6392810944065695,0.6117490681012361,0.7687664212356026,0.6569588008655641,0.17327455283984713,0.8775314479104542,271.1150295377325,124.65119763127083,0.45977236246846465,866.6670448725731,44.93484307829033,0.05184787323359819,135.86944107374447,103.8749299273352,mixed,0.6117490681012361,0.6392810944065695,0.23687130156122826,-0.2710182988980788,-0.36114839159569134,-0.3059171758524381,-0.06746362381033773,5
56,MYS_07_33,1,116.25,4.25,33,7,116.0,116.5,4.0,4.5,True,True,5,11,12,3,4,6,-6,1,0.6305623684582455,0.4251071870875104,0.7623588565073154,0.526214508932055,0.2441281158974696,0.5970147031932527,255.5226112495593,137.32692135911654,0.5374354961682609,873.3095918329751,45.2233232575702,0.051783838950688395,173.63237215260747,132.40972942971604,precipitation-dominant,0.4251071870875104,0.6305623684582455,0.49403175631672924,0.1694404532430971,-0.17452407215745605,-0.2705170088013367,-0.11377126790694862,6
57,MYS_05_32,1,115.75,3.25,32,5,115.5,116.0,3.0,3.5,True,True,5,9,5,3,9,4,4,1,0.6189056316445589,0.4729872364097119,0.8934576739915289,0.7409005922016639,0.23663901408718624,0.689357243906206,273.0816798333967,120.05525867590745,0.43963131744740797,868.7587597393363,51.1356022409733,0.05886053138194095,154.98208367937104,93.86042572442958,precipitation-dominant,0.4729872364097119,0.6189056316445589,0.4821504376112565,0.13861977377571894,-0.19294741943101804,-0.3618184671644759,-0.33160571130873046,8
58,MYS_09_34,1,116.75,5.25,34,9,116.5,117.0,5.0,5.5,True,True,5,10,10,3,4,5,5,1,0.6151190580917734,0.5537775227318973,0.7570128766583286,0.8435992842942166,-0.09783161799530557,0.7327864434116131,246.54258608601768,101.93348659241755,0.4134518429885107,859.4540321028181,84.63411349525938,0.09847427591698638,135.79401750370863,108.90337596281043,mixed,0.5537775227318973,0.6151190580917734,0.44808579711395463,0.2474545004861125,-0.11573745762666741,-0.4390111082325166,-0.5268708228441613,7
59,MYS_08_34,1,116.75,4.75,34,8,116.5,117.0,4.5,5.0,True,True,5,10,10,3,4,5,5,1,0.5695079737899341,0.4070049586737208,0.8462991611712306,0.5892824517537233,0.2395792930155753,0.6681853750328782,243.16973613190416,116.94567861798441,0.48092201142394136,865.250458007791,56.30647593952949,0.06507534947646626,128.49423263193663,81.5072757492337,precipitation-dominant,0.4070049586737208,0.5695079737899341,0.4702857111443006,0.23126376275479932,-0.07774933823577646,-0.2689588041155235,-0.22900820931621715,7
60,MYS_05_31,1,115.25,3.25,31,5,115.0,115.5,3.0,3.5,True,True,5,9,5,3,4,4,4,1,0.5128853492596529,0.4359678016479644,0.8082407131797735,0.6503049835182456,0.2772880925569815,0.7584374959224864,276.02776641781986,105.83686837787869,0.38342834038541873,863.4863666083743,43.831811967680665,0.050761440669694034,129.82998217535945,72.65981748895051,precipitation-dominant,0.4359678016479644,0.5128853492596529,0.2346080857325713,-0.1737246631766858,-0.30954304944241423,-0.28247891189254487,-0.10409943134735868,8
61,MYS_07_36,1,117.75,4.25,36,7,117.5,118.0,4.0,4.5,True,True,10,11,12,3,8,1,1,1,0.4316174360718032,0.3550317102593634,0.6585832769760772,0.7573575512478987,-0.147141133266114,0.4044301951284892,246.29494195738414,95.36345517302505,0.38719209747119193,815.3533136431196,80.65342039450616,0.09891836955213282,83.5012464909919,68.55992972630256,mixed,0.3550317102593634,0.4316174360718032,0.4164828424459615,0.1597740582378367,-0.21070671301557317,-0.5017857717252373,-0.557788350664714,11
62,MYS_04_31,1,115.25,2.75,31,4,115.0,115.5,2.5,3.0,True,True,5,9,12,3,9,4,4,1,0.3510062428879267,0.3099646585623817,0.7817007016723321,0.7813941642645348,0.34347800884476026,0.6494038877249635,279.72469401927566,78.35784478173241,0.2801248744107405,865.427658481235,45.893900296781,0.053030313795749934,132.82975091955683,60.322589813052005,mixed,0.3099646585623817,0.3510062428879267,0.09098693109364954,-0.24751849439460907,-0.3827465402270526,-0.34707290817365455,-0.16715349266449686,8
63,MYS_09_38,1,118.75,5.25,38,9,118.5,119.0,5.0,5.5,True,True,12,12,12,3,8,0,0,0,0.8587430160997925,0.8587430160997925,0.841655030769127,0.8438984935047212,-0.4709152003725316,0.4912103519366491,188.58268156786764,149.11114553991956,0.7906937386838305,814.620716932085,106.12060460691089,0.1302699555770789,69.9581695773038,122.4258667703028,mixed,0.8587430160997925,0.7512262309254247,0.4302121135743273,-0.04668006268621446,-0.4728506668600979,-0.699506253398429,-0.79654118715856,12
64,MYS_09_37,1,118.25,5.25,37,9,118.0,118.5,5.0,5.5,True,True,12,11,12,3,8,11,-1,0,0.8492174021514118,0.8492174021514118,0.9219829411163523,0.7917733559233392,-0.42294996125992906,0.42686678373290565,224.20203175100312,157.67776487976928,0.7032842818074231,852.0358381612876,85.81113651866872,0.10071306003260505,114.15463640107856,167.74166099169705,mixed,0.8492174021514118,0.597723664829881,0.18605486919334632,-0.2968628906610498,-0.6165446707541621,-0.7726857019115614,-0.793598262326576,1
65,MYS_13_35,1,117.25,7.25,35,13,117.0,117.5,7.0,7.5,True,True,12,12,12,3,4,0,0,0,0.8412323013196286,0.8412323013196286,0.9296233263050526,0.8626335047147702,0.3060468049665881,-0.0642501798126373,201.03517261069337,304.24632525415393,1.5133984829775533,687.2958001057585,182.31598486113967,0.26526567575865523,53.59278273909889,212.20818528201497,mixed,0.8412323013196286,0.8340687534660988,0.5549983169180314,0.09716759222410803,-0.3371530682426884,-0.5692559899789854,-0.6413474444798244,12
66,MYS_02_26,1,112.75,1.75,26,2,112.5,113.0,1.5,2.0,True,True,12,11,12,3,8,11,-1,0,0.8304765639009395,0.8304765639009395,0.9894704304923887,0.8754583432795778,-0.07649780116034353,0.596790103461677,342.0823446267748,216.61809408843828,0.6332337739463786,893.0191735985164,28.88633138020839,0.032346821024914645,230.26905929563745,194.77506118249644,mixed,0.8304765639009395,0.7852802237132311,0.4976858042011059,0.10889396657235699,-0.297894709649229,-0.5912880918182626,-0.7484734169934746,1
67,MYS_02_21,1,110.25,1.75,21,2,110.0,110.5,1.5,2.0,True,True,1,12,1,3,8,11,-1,0,0.8304324849143275,0.8304324849143275,0.9299947824539239,0.741089988649097,-0.1639074246019165,0.29394005380831445,290.5867230842176,297.11226742562286,1.02245644354341,895.8419587487206,26.850672931637177,0.029972555615882537,235.44004509776246,486.1400189292623,precipitation-dominant,0.8304324849143275,0.6934837111247469,0.37931974144162406,0.1489648724879067,-0.1494777167440647,-0.46571132172265506,-0.7327350681689836,1
68,MYS_01_26,1,112.75,1.25,26,1,112.5,113.0,1.0,1.5,True,True,12,11,12,3,8,11,-1,0,0.8302021104724691,0.8302021104724691,0.9772161540536627,0.9017547052374509,-0.11090717153578733,0.6558391350209559,343.8551983497761,213.60493857595654,0.6212060762817768,891.5587237640663,32.42668783399802,0.03637078183374841,239.7703776387153,174.6334529572063,mixed,0.8302021104724691,0.805192897356714,0.5422010556910617,0.1569370949891027,-0.25982576802910234,-0.571934792446379,-0.7274311195866382,1
69,MYS_12_35,1,117.25,6.75,35,12,117.0,117.5,6.5,7.0,True,True,1,12,12,3,4,11,-1,0,0.8289560977371657,0.8289560977371657,0.9338850064394754,0.8143965296339746,0.03756124602641469,0.18928879540457746,236.39459486388077,289.5036129330638,1.2246625736081822,741.922227411636,161.097029244302,0.21713465817883035,96.96491798127217,294.36121932879354,mixed,0.8289560977371657,0.7082871441434782,0.3358753925788538,-0.16668885382193516,-0.5589142909738841,-0.6950210374222434,-0.6474101869081119,1
70,MYS_11_05,1,102.25,6.25,5,11,102.0,102.5,6.0,6.5,True,True,11,11,12,12,4,0,0,0,0.824251222661417,0.824251222661417,0.9569006156287754,0.8000236580161726,0.5701454136264749,-0.7034668753452828,239.27562772686835,473.10610240962774,1.9772431772686663,773.7498159620496,211.24392395019527,0.27301321382227794,96.2906584622416,448.78531622290615,precipitation-dominant,0.824251222661417,0.7621889627431555,0.4133598183573163,-0.0041206292953454675,-0.3550657607791499,-0.5789657926326498,-0.6309748147058337,12
71,MYS_04_29,1,114.25,2.75,29,4,114.0,114.5,2.5,3.0,True,True,11,11,1,3,4,0,0,0,0.8234613473607455,0.8234613473607455,0.8527337330137978,0.9079127942017629,0.09493402627372492,0.7414658478121009,306.25842530952053,119.94652200046977,0.39165133785052814,885.42621193415,32.11908574486574,0.036275282244811684,191.25520082978758,167.87689054213496,mixed,0.8234613473607455,0.7967818168263612,0.06471167352829801,-0.46216179090920395,-0.5578681935949127,-0.3056489857304631,-0.18008992436324137,12
72,MYS_04_28,1,113.75,2.75,28,4,113.5,114.0,2.5,3.0,True,True,1,11,1,3,8,10,-2,0,0.8199119776357497,0.8199119776357497,0.9490832218011169,0.8914939166579056,-0.21399004369020963,0.7244201800447251,322.09352329325696,170.49627851984306,0.5293378046742376,888.5504299900841,30.788564765428077,0.034650329037341936,194.22989444433168,197.08432854644303,mixed,0.8199119776357497,0.7702012438976876,0.26059819649926996,-0.16291587302468133,-0.42295184929165974,-0.4660018196726691,-0.5732400624262515,2
73,MYS_01_21,1,110.25,1.25,21,1,110.0,110.5,1.0,1.5,True,True,1,12,1,3,8,11,-1,0,0.8170429211336078,0.8170429211336078,0.9092893760626123,0.8090267869431857,-0.044149605462339064,0.23929409186423325,292.0622628935311,267.59888442296017,0.9162391668536484,890.3782702844883,36.31536962639257,0.04078645092583998,214.4836150635317,342.82683949059344,mixed,0.8170429211336078,0.7706413207219964,0.5472853677623079,0.27044612933018997,-0.061301337756945,-0.4241671083940938,-0.7107785154252773,1
74,MYS_00_21,1,110.25,0.75,21,0,110.0,110.5,0.5,1.0,True,True,1,12,12,3,8,11,-1,0,0.8148558500547346,0.8148558500547346,0.8722085624887904,0.859798884553447,0.03245271087375231,0.2077442577051537,291.3068637482733,247.84778422429014,0.8508134035539326,887.3570604921,41.70831971779842,0.047002860037726316,199.82093126113602,261.1765026339507,mixed,0.8148558500547346,0.7983843819558162,0.5972173464093861,0.30167428273554364,-0.033998943868811735,-0.39872288254551336,-0.6845391788880913,1
75,MYS_00_24,1,111.75,0.75,24,0,111.5,112.0,0.5,1.0,True,True,12,12,12,3,8,0,0,0,0.8114733911200189,0.8114733911200189,0.9691857844765965,0.8774171439526579,0.1721812881271624,0.34553184493585093,313.98239023874675,196.01013897083422,0.6242711217714838,894.1533263164433,33.19367927672374,0.037123028343996126,186.5169762369817,158.4060926936922,mixed,0.8114733911200189,0.7587242257259328,0.48285252780653154,0.06492576130897709,-0.22171608688034958,-0.4836514909440159,-0.603026874660931,12
76,MYS_02_25,1,112.25,1.75,25,2,112.0,112.5,1.5,2.0,True,True,1,11,1,3,8,10,-2,0,0.8107137067519131,0.8107137067519131,0.9836491332294767,0.8598118426336939,-0.0052366948679951715,0.5084422539724622,330.70914748607277,218.93122608003165,0.6620053534783206,894.1752402605329,28.18791726087136,0.03152392952935975,219.99868232179574,203.53700902494805,mixed,0.8107137067519131,0.7468880260881195,0.47250659409377804,0.09680464640107664,-0.27579973956548604,-0.5756460702717632,-0.7478378023464293,2
77,MYS_00_22,1,110.75,0.75,22,0,110.5,111.0,0.5,1.0,True,True,1,12,1,3,8,11,-1,0,0.8102314541479441,0.8102314541479441,0.9652064851100759,0.8434046219992793,0.03496861811230301,0.27129460695919755,302.8185037992871,219.91440535227457,0.726225123607497,893.8463746400863,35.22161522274928,0.03940455118692126,184.6790436078253,213.11130175363448,mixed,0.8102314541479441,0.7631525264518371,0.4888445598569642,0.15867721783089023,-0.15639676403431899,-0.45721327100863085,-0.6492244470081331,1
78,MYS_01_24,1,111.75,1.25,24,1,111.5,112.0,1.0,1.5,True,True,12,11,12,3,8,11,-1,0,0.8095828953194448,0.8095828953194448,0.9734035708907205,0.8730634979969941,0.13787834686807454,0.367356734870635,314.6296709630855,201.25191006332477,0.6396469520731788,893.9309203348042,32.81886906699515,0.03671298119400936,191.75933894593877,165.82936092709738,mixed,0.8095828953194448,0.757622413522068,0.48843428070391365,0.07944363496683189,-0.22064958457902117,-0.5000868266968268,-0.6368860709652304,1
79,MYS_10_38,1,118.75,5.75,38,10,118.5,119.0,5.5,6.0,True,True,12,11,12,3,8,11,-1,0,0.8085166376963427,0.8085166376963427,0.9212412457834267,0.8227867948550941,-0.2817852297482872,0.27592223629886226,196.03872335418168,170.61913663362847,0.8703338489170436,841.4819150288901,137.3481862386068,0.16322179215686566,141.03900244122164,333.0109645843506,mixed,0.8085166376963427,0.6234544749795408,0.28287276320186955,-0.18808353776149606,-0.5920459724874891,-0.8353431105192928,-0.8526189321779093,1
80,MYS_01_25,1,112.25,1.25,25,1,112.0,112.5,1.0,1.5,True,True,12,11,12,3,8,11,-1,0,0.8082972019944529,0.8082972019944529,0.9806141655582954,0.8717742903528318,0.042034627657391695,0.5140522851523286,327.2852824448329,202.7599679201387,0.6195205797386134,894.3237142985646,31.687361054654502,0.03543164577661626,206.33680607575312,156.87026489527292,mixed,0.8082972019944529,0.7714614059851882,0.5000124038618166,0.10717410054060847,-0.23976814117096876,-0.5378857782732609,-0.6717133626538259,1
81,MYS_02_20,1,109.75,1.75,20,2,109.5,110.0,1.5,2.0,True,True,1,1,1,3,8,0,0,0,0.8011152541014609,0.8011152541014609,0.9277725956342391,0.6897230441421547,-0.2232144021576232,0.33431761095955187,275.22773439810254,310.0735712457996,1.1266072873211765,898.0299777560764,22.18033447265634,0.02469887979472438,204.66574234962465,474.40981801350915,precipitation-dominant,0.8011152541014609,0.5768526011746846,0.22702845823341905,0.10875519933421117,-0.07651099179978481,-0.3420605744588467,-0.6189484995208121,12
82,MYS_10_37,1,118.25,5.75,37,10,118.0,118.5,5.5,6.0,True,True,12,11,12,3,8,11,-1,0,0.8002395444097463,0.8002395444097463,0.9540997844575578,0.7960567146095714,-0.29071818260011745,0.3053754005065559,237.929685769009,197.86516151070035,0.8316119145502306,845.9849029872565,132.5116189597801,0.15663591453212514,149.0268731874646,328.718110942505,precipitation-dominant,0.8002395444097463,0.5774926372093688,0.16371029304524248,-0.34557525729709065,-0.7064967900286773,-0.8453053696491204,-0.7522008446109453,1
83,MYS_01_20,1,109.75,1.25,20,1,109.5,110.0,1.0,1.5,True,True,1,1,1,3,8,0,0,0,0.7990318327973482,0.7990318327973482,0.9362159492550757,0.6992150658721892,-0.20444454354331779,0.32741808932205424,276.7998371627277,312.30025743231715,1.1282530388510277,897.4165238284681,22.99497879212163,0.02562352952230338,203.05099852037236,461.96234890160315,precipitation-dominant,0.7990318327973482,0.5891797826041841,0.2602090433385603,0.1326760453761262,-0.07319813909088445,-0.3557353465500854,-0.6364615418908618,12
84,MYS_01_23,1,111.25,1.25,23,1,111.0,111.5,1.0,1.5,True,True,12,12,12,3,8,0,0,0,0.7970267574340193,0.7970267574340193,0.975823987152613,0.8551436970665669,0.07106927898417836,0.3166383872164075,306.37813933372166,207.2867586540084,0.6765716349893417,893.5838193016607,35.18314611985397,0.039373078786665745,179.96046654470942,191.55547010312068,mixed,0.7970267574340193,0.7424425279671162,0.4650058544484476,0.09287462471356746,-0.1973727653937301,-0.47620759631464366,-0.6330611473812754,12
85,MYS_08_38,1,118.75,4.75,38,8,118.5,119.0,4.5,5.0,True,True,12,12,12,3,8,0,0,0,0.7956627108094875,0.7956627108094875,0.827408242354813,0.73509845402811,-0.4309914610490406,0.43494065105203195,188.95923360416828,118.18812060295787,0.6254688820898707,818.8845286459192,101.4805570320741,0.12392535636236655,62.19025931400528,76.84513027703208,mixed,0.7956627108094875,0.6352663155038705,0.28646469574131384,-0.20224949002902462,-0.5991330160661594,-0.7459883135015906,-0.714136231252753,12
86,MYS_03_27,1,113.25,2.25,27,3,113.0,113.5,2.0,2.5,True,True,12,11,1,3,8,11,-1,0,0.7954152781468321,0.7954152781468321,0.970176818323633,0.8606675095429788,-0.1688324463708507,0.6060406498487444,338.26444637042925,210.92915561252173,0.6235628895551611,893.2760782307083,28.742545217685688,0.03217655315993169,206.69523587879473,203.8978631091244,mixed,0.7954152781468321,0.7546939745949032,0.3673326424935184,-0.0010916736188361757,-0.348650504186204,-0.562710703864467,-0.686662555894872,1
87,MYS_06_02,1,100.75,3.75,2,6,100.5,101.0,3.5,4.0,True,True,11,11,11,1,3,0,0,0,0.7936432044686831,0.7936432044686831,0.9564547892510954,0.8219531558253487,-0.24169626598841285,0.4547080552129763,218.37806802325778,248.6295337677002,1.1385279484257576,876.5033343844943,56.5758076985677,0.06454716768225058,79.46810865799587,175.59198097785315,mixed,0.7936432044686831,0.7731826253643005,0.1641986469688696,-0.548877465744205,-0.7436817070932326,-0.40013965355866177,-0.04976657598766886,12
88,MYS_10_05,1,102.25,5.75,5,10,102.0,102.5,5.5,6.0,True,True,12,11,12,1,3,11,-1,0,0.7926275943430581,0.7926275943430581,0.9767165172435301,0.7725905605297342,0.4008464939388846,-0.5093908461415555,255.4203517254601,494.41721061559815,1.9357001400852547,785.1967238172538,183.13390803995355,0.23323315353335075,121.80064023526977,493.5658604191295,precipitation-dominant,0.7926275943430581,0.6428053779142379,0.2593273309447236,-0.16004518387078503,-0.5123181799958443,-0.7042122871571205,-0.67141240927656,1
89,MYS_01_22,1,110.75,1.25,22,1,110.5,111.0,1.0,1.5,True,True,1,12,1,3,8,11,-1,0,0.792240164383895,0.792240164383895,0.9700739268050165,0.7943513103696309,-0.0328509519891955,0.30268384005658394,303.2268428384017,237.22444570228535,0.7823332640399158,895.3166304847674,31.770157109013326,0.03548482852576014,186.87098151973524,251.20859153232877,precipitation-dominant,0.792240164383895,0.7284092424797566,0.44621039135731355,0.13637192067431783,-0.16559334498891803,-0.4665006609656527,-0.6675383402296206,1
90,MYS_05_29,1,114.25,3.25,29,5,114.0,114.5,3.0,3.5,True,True,12,11,1,3,4,11,-1,0,0.7916300853423931,0.7916300853423931,0.8857759960887871,0.8854531919257382,-0.059555260508320815,0.7552996188302435,308.96182337556417,131.25955236560475,0.42484068397683494,886.5453923667482,31.04011907557276,0.035012441937921676,199.36558203193115,183.7160625007248,mixed,0.7916300853423931,0.6658053769380115,-0.11886638025215679,-0.5765620785220374,-0.5394215188321374,-0.2622392366132858,-0.15088292470575534,1
91,MYS_02_24,1,111.75,1.75,24,2,111.5,112.0,1.5,2.0,True,True,1,11,1,3,8,10,-2,0,0.7908234582008361,0.7908234582008361,0.9813487873668509,0.833564914443624,-0.02881047751459889,0.45436300310560407,313.94341745554306,230.71143742613643,0.7348822258992165,895.6164208730061,27.480268183840963,0.030683077647297323,199.77048323503186,218.30534633076135,mixed,0.7908234582008361,0.7016751439212161,0.43396443573681875,0.06924031260058038,-0.2376003305833021,-0.5290647483189629,-0.7062648576099384,2
92,MYS_03_26,1,112.75,2.25,26,3,112.5,113.0,2.0,2.5,True,True,1,11,1,3,8,10,-2,0,0.7908040796193314,0.7908040796193314,0.9838095054590531,0.8275488851821674,-0.12855273673369966,0.5513123376186132,337.21778079024483,246.61621199027567,0.7313262409009065,895.5411988418822,25.605830937138307,0.028592577282041162,218.19258415026218,235.94842646735052,precipitation-dominant,0.7908040796193314,0.6392090110110582,0.26735514141220235,-0.07569253216722804,-0.4191202214801252,-0.6378926951748559,-0.7723747959400239,2
93,MYS_11_04,1,101.75,6.25,4,11,101.5,102.0,6.0,6.5,True,True,11,11,12,1,3,0,0,0,0.7907075263066411,0.7907075263066411,0.9332340516997143,0.7764763948909383,0.33185027338768275,-0.5286197862314914,233.51702003819602,393.2673033314659,1.6841055237307316,787.2675833686949,208.4445050048829,0.26476957696258113,109.63210733232582,445.6219939706084,precipitation-dominant,0.7907075263066411,0.7421026602645129,0.3888807274153285,-0.05038487688574651,-0.42828769819163426,-0.6403809015622897,-0.6314426412878996,12
94,MYS_05_03,1,101.25,3.25,3,5,101.0,101.5,3.0,3.5,True,True,11,11,11,1,3,0,0,0,0.7846603355892818,0.7846603355892818,0.9678945734885014,0.8234904473694421,-0.18562375217639834,0.3765257881203678,212.58444081942238,246.6464758060597,1.1602282596757443,873.0877611007724,62.57938927478517,0.0716759437744108,92.93270995836468,239.28747412564692,mixed,0.7846603355892818,0.731927322500271,0.09752010455603147,-0.5889844245036393,-0.7408409068449806,-0.34463100114347156,-0.016156430642121144,12
95,MYS_11_34,1,116.75,6.25,34,11,116.5,117.0,6.0,6.5,True,True,1,12,1,3,4,11,-1,0,0.7750919221713706,0.7750919221713706,0.7604866227454418,0.7446972614533431,-0.5543655946295329,0.6665322586536128,228.32679436229523,163.93622151006463,0.7179894149871017,819.9678484692985,127.87250758902735,0.15594819702716087,112.06453093776882,251.30217646281972,mixed,0.7750919221713706,0.7473839045355805,0.3537526650863352,-0.16742433894566716,-0.5126999909190882,-0.609710055448855,-0.6090976383994743,1
96,MYS_04_27,1,113.25,2.75,27,4,113.0,113.5,2.5,3.0,True,True,1,11,1,3,8,10,-2,0,0.7716303031382498,0.7716303031382498,0.9705280579395582,0.8547768008065459,-0.32559071640211285,0.6872493396464492,331.1562272439516,231.22358829881776,0.6982311346616566,894.8277376555051,25.5971221439421,0.02860564225580209,206.0444027407964,223.61703454103417,mixed,0.7716303031382498,0.5896072598970894,0.12288743961193657,-0.22238438754059378,-0.48722494266034827,-0.6201344189867007,-0.7111926801493144,2
97,MYS_03_25,1,112.25,2.25,25,3,112.0,112.5,2.0,2.5,True,True,1,11,1,3,8,10,-2,0,0.7706853642349858,0.7706853642349858,0.9866623068650998,0.7701756364615363,-0.09306477593119422,0.48442236038141523,326.8788874379583,271.0752461549466,0.829283433627682,897.9332171404803,20.68641195307339,0.023037806774706977,216.48310070724924,297.8482784359039,precipitation-dominant,0.7706853642349858,0.5763297705291305,0.2199814663728847,-0.09913696558233748,-0.40786449756875376,-0.6243241891006779,-0.7759563927691783,2
98,MYS_04_23,1,111.25,2.75,23,4,111.0,111.5,2.5,3.0,True,True,1,12,1,3,8,11,-1,0,0.7682205671521565,0.7682205671521565,0.972887618405881,0.7071427872253752,0.004359101878472545,0.28743729295278286,293.79813077612397,322.1642024283574,1.0965495307179083,895.2216175303739,21.96423088522522,0.024534964812196348,189.6444192467172,421.7637398654339,precipitation-dominant,0.7682205671521565,0.40334217881160483,-0.06726597034642579,-0.4147715892731248,-0.5865288954730091,-0.6617228034507808,-0.6628779619604717,1
99,MYS_04_04,1,101.75,2.75,4,4,101.5,102.0,2.5,3.0,True,True,11,11,11,3,3,0,0,0,0.7652147084075028,0.7652147084075028,0.9633731231936089,0.7575688410227406,-0.021838355454256945,0.3480895691911692,206.72311529466165,204.89039611897573,0.9911344255185319,854.8516797719627,83.52512033913354,0.09770714887220483,89.58065943454973,160.32927789465586,precipitation-dominant,0.7652147084075028,0.6546520593979545,-0.03911647810102603,-0.675329806162911,-0.7261057922393284,-0.3893668168598644,-0.08428327623750813,12
100,MYS_06_30,1,114.75,3.75,30,6,114.5,115.0,3.5,4.0,True,True,5,11,5,3,4,6,-6,0,0.762557027683287,0.762557027683287,0.8157380559248915,0.8104885293510651,-0.12471087813965366,0.8681560016284636,292.66781318395437,117.83262587774371,0.40261559546242554,889.9345891133734,31.482337239583217,0.03537601260217173,174.71143948067433,176.8150105137295,mixed,0.762557027683287,0.7251781639585245,-0.14999908910036336,-0.6902670536575128,-0.4100944943112268,0.03335015640517376,0.17147016185484978,6
101,MYS_05_28,1,113.75,3.25,28,5,113.5,114.0,3.0,3.5,True,True,1,11,1,3,4,10,-2,0,0.7625280483522493,0.7625280483522493,0.9664969449504945,0.8229390911702862,-0.3388294507306093,0.785498027079676,320.2926810347676,180.83020980108353,0.564578026625137,892.1268082547734,25.166694381148773,0.028209772588698705,192.20383283244658,206.65121338597055,mixed,0.7625280483522493,0.5643775056477441,-0.04378974465110151,-0.4341075972103066,-0.5562335051791202,-0.5078942240682339,-0.5284560988392311,2
102,MYS_04_24,1,111.75,2.75,24,4,111.5,112.0,2.5,3.0,True,True,1,12,1,3,8,11,-1,0,0.7624446528620361,0.7624446528620361,0.9817539498780683,0.7200748915114729,-0.05066737612264281,0.3802074755010141,306.8431250718122,328.25681141399946,1.0697870820380144,896.7708631566657,19.733391439503635,0.022004942678491346,196.57733104783912,406.6284634690175,precipitation-dominant,0.7624446528620361,0.4159256166391304,-0.04523027643558174,-0.36807956324668817,-0.5728288921654953,-0.6958415326805569,-0.7284529441478137,1
103,MYS_02_23,1,111.25,1.75,23,2,111.0,111.5,1.5,2.0,True,True,1,12,1,3,8,11,-1,0,0.7623244847452817,0.7623244847452817,0.9871528627786207,0.803590529733092,-0.08196084814652288,0.4008417028915601,303.5530003318584,248.1858724725309,0.8176030946859442,895.395589912671,30.334459578639667,0.033878276730844994,178.6223575710696,216.02766129811607,precipitation-dominant,0.7623244847452817,0.668448740397347,0.40301848109975336,0.08111695561467748,-0.18460764317316744,-0.47724411520607546,-0.6771194915185316,1
104,MYS_04_09,1,104.25,2.75,9,4,104.0,104.5,2.5,3.0,True,True,12,12,12,1,3,0,0,0,0.7561896271500873,0.7561896271500873,0.9210385806970602,0.7779984066061,0.45007976297320673,-0.2523148203779934,208.10244008649408,310.90106627987876,1.493980878603145,837.4810858832467,111.95171508789065,0.13367670861464429,85.26247754096984,337.5772173841794,mixed,0.7561896271500873,0.6053512836219688,0.08343670552195732,-0.4526984772287033,-0.6595914875216236,-0.6227979796626554,-0.3960654153746756,12
105,MYS_02_22,1,110.75,1.75,22,2,110.5,111.0,1.5,2.0,True,True,1,12,1,3,8,11,-1,0,0.7542610533078354,0.7542610533078354,0.9652999840324337,0.7148358687343587,-0.14066486330885794,0.3629699835834044,302.96502337407577,266.8429663571444,0.8807715273048834,898.1952124108208,25.375873921712127,0.02825206989647768,187.84884890728526,326.80121324380235,precipitation-dominant,0.7542610533078354,0.6403517376870835,0.31716474891482066,0.04226118682587059,-0.21694572882889565,-0.4814221866916678,-0.6761522616614949,1
106,MYS_03_23,1,111.25,2.25,23,3,111.0,111.5,2.0,2.5,True,True,1,12,1,3,8,11,-1,0,0.7539524813028169,0.7539524813028169,0.9818568882518394,0.7289422652467987,-0.14613621579458227,0.4207192021409978,295.59593939272065,282.0550761724512,0.9541913084188907,898.1730797113156,20.674421063591353,0.023018304078136452,189.30947772356026,338.46993072500413,precipitation-dominant,0.7539524813028169,0.4992794439836659,0.13765490144251907,-0.15737624122192448,-0.34415566364689565,-0.5104361894803505,-0.6341627128710832,1
107,MYS_04_25,1,112.25,2.75,25,4,112.0,112.5,2.5,3.0,True,True,1,12,1,3,8,11,-1,0,0.7531666459300461,0.7531666459300461,0.9869408033830027,0.7473984155795214,-0.206699479086737,0.5274824509123502,322.87339312570845,314.15962756756494,0.9730118190483696,897.4479551329435,19.894595567491137,0.022167965789775576,207.44965715772574,356.9968577127457,precipitation-dominant,0.7531666459300461,0.41791671631328353,-0.05587315138291714,-0.3725997111838671,-0.625421542905431,-0.7613193836469511,-0.7931593502728158,1
108,MYS_10_06,1,102.75,5.75,6,10,102.5,103.0,5.5,6.0,True,True,12,11,12,1,4,11,-1,0,0.7493012818737895,0.7493012818737895,0.9878205516952324,0.7457189686072629,0.4285106720748643,-0.5213623052402265,265.63826534312113,594.909091845921,2.239545914356448,669.7798754374186,142.35681254069016,0.21254268418817457,113.9197033480948,452.4302222456783,precipitation-dominant,0.7493012818737895,0.5361841863155998,0.13489690718061953,-0.2718430077122113,-0.599257743415157,-0.7517353135937382,-0.6622688172887792,1
109,MYS_05_25,1,112.25,3.25,25,5,112.0,112.5,3.0,3.5,True,True,1,12,1,3,8,11,-1,0,0.7467891431503111,0.7467891431503111,0.986824528378404,0.7454382167627717,-0.23544610121568674,0.533786077908844,321.38992272129764,326.752048300284,1.0166841745801602,896.5721167105216,20.92993082682301,0.023344391863996266,199.38427880190036,375.42991945549295,precipitation-dominant,0.7467891431503111,0.37780927749139,-0.12386615851233591,-0.4591736605243582,-0.6912508315275881,-0.7992819443496966,-0.7787782486298497,1
110,MYS_01_09,1,104.25,1.25,9,1,104.0,104.5,1.0,1.5,True,True,12,12,12,1,3,0,0,0,0.7464838400225585,0.7464838400225585,0.9504538713164605,0.7267850531437506,0.26769088433667343,0.25193723024244413,206.85685305644589,239.62316245805647,1.1584008889116644,862.0739100138347,53.73697713216143,0.06233453594634252,108.74722554551231,169.28628217379253,precipitation-dominant,0.7464838400225585,0.4672455882771897,-0.33027405633964535,-0.7209672201387988,-0.43150003938618803,-0.02277197798167893,0.1437206711529037,12
111,MYS_03_24,1,111.75,2.25,24,3,111.5,112.0,2.0,2.5,True,True,1,12,1,3,8,11,-1,0,0.7443356835908609,0.7443356835908609,0.9830914468456683,0.7302335172121726,-0.10422551912544914,0.45118772909035665,307.8621105508955,284.1659257039065,0.9230298759253404,898.5806410742057,19.515038416625316,0.021717626136810737,196.77928180578945,331.45926794294326,precipitation-dominant,0.7443356835908609,0.5015949629105906,0.14238723993626498,-0.1559513601075443,-0.3768690070437211,-0.5615160352551472,-0.6830071277256496,1
112,MYS_04_08,1,103.75,2.75,8,4,103.5,104.0,2.5,3.0,True,True,12,12,12,1,3,0,0,0,0.7420119706019603,0.7420119706019603,0.9641851228812194,0.76021426802755,0.3632284328567802,-0.06594182906209085,216.14485403257868,360.1999866406814,1.6664749584387044,799.9423721368167,103.19267545310413,0.12900013681917422,90.44961219487423,356.2688235159111,precipitation-dominant,0.7420119706019603,0.496630452906339,-0.06798822861448141,-0.5823076152402468,-0.6952388691071576,-0.5519480134251554,-0.32222594231098184,12
113,MYS_08_08,1,103.75,4.75,8,8,103.5,104.0,4.5,5.0,True,True,12,11,12,1,4,11,-1,0,0.7408515270214813,0.7408515270214813,0.9894150704916093,0.7216738241529546,0.3931432753444834,-0.39110813978249676,258.791115638666,651.2477227579084,2.516499537283982,701.174454610585,133.89060548724547,0.19095191589888283,117.13966663432069,527.1912526252336,precipitation-dominant,0.7408515270214813,0.5263255482287876,0.08916039619588582,-0.3633420587934159,-0.6499091731523376,-0.7141608627194401,-0.582425721839512,1
114,MYS_11_35,1,117.25,6.25,35,11,117.0,117.5,6.0,6.5,True,True,1,12,1,3,4,11,-1,0,0.7401285296218296,0.7401285296218296,0.9442656819018612,0.7046698655369374,-0.3014272251564248,0.46010363325058395,260.79896997632596,271.77322112734356,1.0420793500527006,822.4396280954082,136.0206948578043,0.16538684447002963,148.62421319431652,339.8238631959798,precipitation-dominant,0.7401285296218296,0.5413145536968194,0.08288853243331282,-0.4327699443648109,-0.74537894307078,-0.7347122124390881,-0.533068685800211,1
115,MYS_03_09,1,104.25,2.25,9,3,104.0,104.5,2.0,2.5,True,True,12,12,12,1,3,0,0,0,0.7386403133804035,0.7386403133804035,0.9240701311259784,0.7712519810848352,0.38164033762406263,-0.0867190767639936,207.6478793636355,287.4735114511113,1.3844278705475443,842.2879888711444,108.3916546445904,0.12868716647599313,86.22252347242734,293.23431141402773,precipitation-dominant,0.7386403133804035,0.551939446400232,-0.029137573971949313,-0.5549050176920466,-0.6738963310500774,-0.551102835276022,-0.29319631734474,12
116,MYS_10_04,1,101.75,5.75,4,10,101.5,102.0,5.5,6.0,True,True,12,11,12,3,3,11,-1,0,0.7385806517368343,0.7385806517368343,0.9142357859718968,0.7373325403087904,-0.16537059612739535,0.09277677560252025,244.88022946095023,340.7963130483363,1.3916856979370043,820.1090878101633,174.53346508873847,0.21281737720377392,141.75915903354914,482.4179619656524,precipitation-dominant,0.7385806517368343,0.6479497211488835,0.28218827005800906,-0.1632328895491111,-0.5514585288798323,-0.7268737494870614,-0.6379130286579524,1
117,MYS_12_36,1,117.75,6.75,36,12,117.5,118.0,6.5,7.0,True,True,1,12,12,3,4,11,-1,0,0.7375711409757839,0.7375711409757839,0.9623732682726532,0.7169013286062421,0.19306112359099267,0.07787131891493983,258.05782558461766,350.987503389959,1.3601118377046446,768.989026313358,164.20810654958098,0.21353764609206172,114.03743261958671,331.8428876825919,precipitation-dominant,0.7375711409757839,0.5442784748341772,0.13697145462490565,-0.3560030309847686,-0.7026977757909365,-0.7682038428616557,-0.6147902864570205,1
118,MYS_02_09,1,104.25,1.75,9,2,104.0,104.5,1.5,2.0,True,True,12,12,12,1,3,0,0,0,0.736634385999158,0.736634385999158,0.9367425662868732,0.7542426109571714,0.2939034625970924,0.1849295742336859,207.57707152295447,248.38357828279334,1.1965848465846882,855.8820731426703,74.7965683890252,0.08739120813032507,100.02378202857487,198.15601501612701,precipitation-dominant,0.736634385999158,0.4932186922268425,-0.22647909331571073,-0.7014041721863502,-0.5998225201703193,-0.29659187883319643,-0.04704024877513763,12
119,MYS_06_04,1,101.75,3.75,4,6,101.5,102.0,3.5,4.0,True,True,11,11,11,3,3,0,0,0,0.7317420968281051,0.7317420968281051,0.9316216288658377,0.8384759671615262,-0.09188944552246843,0.32848161499754314,226.0108806263388,236.28818625959698,1.0454726144368667,851.05776438136,100.16942536501881,0.11769991363375044,101.9045739827078,223.73143078334272,mixed,0.7317420968281051,0.5901457905511054,0.00324783360718123,-0.6421475676638011,-0.8249387657554768,-0.5459923146488771,-0.17826079212499643,12
120,MYS_05_04,1,101.75,3.25,4,5,101.5,102.0,3.0,3.5,True,True,11,11,11,3,3,0,0,0,0.7242467417704632,0.7242467417704632,0.9602862463172499,0.813062381610482,-0.009424369971479055,0.3712224709193242,213.0300836660277,223.0783022713811,1.047168073318256,856.5852736249682,84.68296747875809,0.09886110593565277,112.51961604787984,227.77350806142118,mixed,0.7242467417704632,0.5298267808974166,-0.15296786260339118,-0.7604002498368349,-0.7808736085476958,-0.3760190358038629,-0.013532509520618213,12
121,MYS_03_04,1,101.75,2.25,4,3,101.5,102.0,2.0,2.5,True,True,11,11,11,1,3,0,0,0,0.7208657406171107,0.7208657406171107,0.9362298093309699,0.7801890839000186,-0.03049079385146401,0.3265289405802943,202.7061477950125,188.8111065694379,0.9314522949761443,841.3589461098618,101.12315038815893,0.12019025988338944,54.64900796055192,127.90243890819325,precipitation-dominant,0.7208657406171107,0.6770588882980451,0.021844662369393492,-0.6150106598887175,-0.7044572112274454,-0.44119035196847173,-0.17993930969388036,12
122,MYS_05_05,1,102.25,3.25,5,5,102.0,102.5,3.0,3.5,True,True,12,11,12,3,3,11,-1,0,0.7202707056929035,0.7202707056929035,0.951446356629507,0.8066967992747186,-0.029907323976519254,0.36638006047222427,211.59085259435878,282.72950420581475,1.336208539921317,846.5074887876158,110.54303686394269,0.1305871930586988,73.01830978237079,198.1534877873224,mixed,0.7202707056929035,0.48399217654351057,-0.10709912229393112,-0.6531050532313011,-0.7342097991866257,-0.48553957205391163,-0.21866237950410838,1
123,MYS_04_26,1,112.75,2.75,26,4,112.5,113.0,2.5,3.0,True,True,1,11,1,3,8,10,-2,0,0.7180524714002221,0.7180524714002221,0.9698271810680148,0.8157629108189747,-0.3451093906252925,0.6639423921576466,331.5534709832504,279.66295141308615,0.8434927572428108,896.175029099541,22.667758049944837,0.025293896073762458,211.33718640952256,270.0400094480957,precipitation-dominant,0.7180524714002221,0.4137105751246953,-0.0584172805412402,-0.3540327455783149,-0.5954814304635371,-0.721515737790297,-0.7505633723754406,2
124,MYS_09_36,1,117.75,5.25,36,9,117.5,118.0,5.0,5.5,True,True,12,10,12,3,8,10,-2,0,0.7137170747540963,0.7137170747540963,0.8586940848743744,0.729756830673305,-0.4792351349661248,0.47847571967194596,269.6812534913899,152.27393281704533,0.5646441153979098,862.4301200939361,81.49026515738683,0.09448912237493617,144.43555511640128,156.95013685587517,mixed,0.7137170747540963,0.4306968571783609,-0.0034112067151544126,-0.41596865140825434,-0.5519122539702931,-0.6077498077591422,-0.6074801852948493,2
125,MYS_06_29,1,114.25,3.75,29,6,114.0,114.5,3.5,4.0,True,True,12,11,1,3,4,11,-1,0,0.7114342125136892,0.7114342125136892,0.8637018541289213,0.8111506103346786,-0.30296826030870816,0.7960979005171744,308.4881590802655,139.7418289053734,0.4529892794653878,891.3314705096855,31.73600532975786,0.03560516640527729,175.19296871264143,198.13685957197163,mixed,0.7114342125136892,0.646644492249159,-0.12608097927381792,-0.666462989709982,-0.5784804932170192,-0.27444647945924633,-0.16871615827535663,1
126,MYS_05_27,1,113.25,3.25,27,5,113.0,113.5,3.0,3.5,True,True,1,11,1,3,4,10,-2,0,0.7106984154961836,0.7106984154961836,0.9771950353777158,0.8130740894154911,-0.4042460561121866,0.7489676802181972,326.5515657655179,234.87266118711696,0.7192513704122567,893.2369696703823,25.572584818830478,0.0286291159984871,189.6339144611599,225.15182580345805,precipitation-dominant,0.7106984154961836,0.4230386217279283,-0.1241537666569007,-0.4649123309691759,-0.6480150029713392,-0.6800377426969381,-0.6483143048265059,2
127,MYS_10_36,1,117.75,5.75,36,10,117.5,118.0,5.5,6.0,True,True,1,10,1,3,8,9,-3,0,0.7096179591146319,0.7096179591146319,0.9222265368331354,0.712256667951724,-0.4169722261367162,0.43536296547485953,278.67803514334264,217.6612396377483,0.7810491398282993,858.3922097964933,116.7285382059597,0.13598508569134565,174.87897883987318,312.2790857425774,precipitation-dominant,0.7096179591146319,0.48808734110623947,0.02148706762695864,-0.4708925585214431,-0.7401280081928039,-0.7187762880390599,-0.5119696278289516,3
128,MYS_05_30,1,114.75,3.25,30,5,114.5,115.0,3.0,3.5,True,True,5,11,12,3,4,6,-6,0,0.7090986747425381,0.7090986747425381,0.8148172368912667,0.8435160825234156,0.14714257096326405,0.787009940239014,293.43219282345325,121.77634214008435,0.4150067549450937,886.8650244365241,29.472058137865247,0.03323172898445344,188.5526198736411,165.49369001672022,mixed,0.7090986747425381,0.6305532522127985,-0.22024278878722622,-0.6606169738476373,-0.48193544110499964,-0.036353798182457035,0.21679927616245842,6
129,MYS_08_37,1,118.25,4.75,37,8,118.0,118.5,4.5,5.0,True,True,12,12,12,3,8,0,0,0,0.7068946395664664,0.7068946395664664,0.8466527778876182,0.6797698494998633,-0.35728460544931684,0.39984447358025327,211.8586236899955,105.0044255012244,0.4956344172936444,839.5502449810938,87.75692495477062,0.10452849663184466,76.44787833834887,62.48278310079271,precipitation-dominant,0.7068946395664664,0.48562150700121043,0.12569306533392963,-0.32262862365468814,-0.6341180502745247,-0.7284967321149483,-0.6492883781355115,12
130,MYS_11_36,1,117.75,6.25,36,11,117.5,118.0,6.0,6.5,True,True,1,12,1,3,4,11,-1,0,0.7034067739674615,0.7034067739674615,0.9624570412482224,0.6911815376942739,-0.10375639529529891,0.2637820421967417,271.277239858304,296.8745136393442,1.0943583538169674,821.7925854906624,147.28178423608267,0.17922014245011236,150.9153958020041,353.80449954152806,precipitation-dominant,0.7034067739674615,0.49267736106370613,0.04955724510553002,-0.45787063911463516,-0.7773116645231937,-0.7784770954175327,-0.540397452401101,1
131,MYS_03_08,1,103.75,2.25,8,3,103.5,104.0,2.0,2.5,True,True,12,12,12,1,3,0,0,0,0.7021984582023127,0.7021984582023127,0.9438618946749399,0.7245821420363788,0.3163720674780536,0.061843468938231574,211.0925474774815,302.5120720144584,1.433077934912549,835.5287358854763,105.05082262287033,0.1257297542394393,88.55643259563801,293.5006380744169,precipitation-dominant,0.7021984582023127,0.4459784086223942,-0.18496901309515815,-0.6806877424167492,-0.6852580519038894,-0.4519155429315564,-0.18611422276591097,12
132,MYS_06_05,1,102.25,3.75,5,6,102.0,102.5,3.5,4.0,True,True,12,11,12,3,3,11,-1,0,0.6986003298082335,0.6986003298082335,0.9746387927871795,0.7747736349089409,-0.08210320828435676,0.28807357525106847,232.31063354300443,360.66154729994514,1.5524969382565128,844.2649346697772,118.54198589022201,0.14040851517372105,89.74735016540586,259.7153513585196,precipitation-dominant,0.6986003298082335,0.45173467452087873,-0.08018482337764425,-0.615569578336177,-0.7844870423828292,-0.5858467030794035,-0.29938382957603715,1
133,MYS_09_05,1,102.25,5.25,5,9,102.0,102.5,5.0,5.5,True,True,12,11,12,3,3,11,-1,0,0.6985890670431629,0.6985890670431629,0.9729032830538333,0.7242402917382447,-0.0711136022470067,0.0646228331988194,270.3652468178345,511.11081190635696,1.8904456764398088,833.7935826892136,141.12956267597826,0.1692619919438533,142.73391439072412,468.6456646173876,precipitation-dominant,0.6985890670431629,0.47210980818990633,0.024919707760304895,-0.43727107592887904,-0.7281394515254357,-0.7474961893824204,-0.547195466102393,1
134,MYS_11_37,1,118.25,6.25,37,11,118.0,118.5,6.0,6.5,True,True,1,12,1,3,8,11,-1,0,0.6984806927316604,0.6984806927316604,0.9577144022459669,0.6921697449064139,-0.04323262128932056,0.18100857566523237,266.7450564321071,273.74535410290673,1.0262434017126063,837.570981122577,158.3825549534389,0.18909747176431832,150.76586907585792,365.2293479889631,precipitation-dominant,0.6984806927316604,0.4959208464731764,0.07028492056836255,-0.4378824009858563,-0.7805525674272249,-0.816588386088993,-0.5799641388849368,1
135,MYS_04_07,1,103.25,2.75,7,4,103.0,103.5,2.5,3.0,True,True,12,12,12,3,3,0,0,0,0.697597623769646,0.697597623769646,0.9685153739116765,0.7226006446210227,0.16305420097243825,0.17846022848316667,215.07471163265265,353.146019132274,1.6419690462514578,824.4405312912733,104.2644106336461,0.1264668665311042,93.05855763699695,357.6506220534602,precipitation-dominant,0.697597623769646,0.4186372931589665,-0.16167916577910618,-0.6484735847400059,-0.6997622563377381,-0.4908962061746056,-0.2590454537249461,12
136,MYS_04_05,1,102.25,2.75,5,4,102.0,102.5,2.5,3.0,True,True,12,11,12,3,3,11,-1,0,0.6970829973632019,0.6970829973632019,0.9404360435495089,0.7991042739081501,0.02867027274054997,0.39800710839298636,203.49733157243108,234.30387454134137,1.1513854886001063,843.0418622642566,113.13333812154792,0.13419658404351645,65.07915323003019,171.00633947822698,mixed,0.6970829973632019,0.4862304894226569,-0.16620119927894816,-0.6937994413432834,-0.6815521436164161,-0.37902183967608144,-0.12712037436710769,1
137,MYS_09_04,1,101.75,5.25,4,9,101.5,102.0,5.0,5.5,True,True,12,10,12,3,3,10,-2,0,0.6969025056310933,0.6969025056310933,0.9299666438871871,0.7655854617430075,-0.32107556435836354,0.2776356257683114,250.37351605883748,319.85420311342637,1.2775081332414608,839.6977251286384,150.43639322268734,0.17915541357414191,128.2152160311516,329.69555420862264,precipitation-dominant,0.6969025056310933,0.5863294864906827,0.18248193792212686,-0.3239170793455964,-0.6722124355351818,-0.7224274139961449,-0.5423802612186124,2
138,MYS_07_28,1,113.75,4.25,28,7,113.5,114.0,4.0,4.5,True,True,12,11,12,3,4,11,-1,0,0.6968938668542098,0.6968938668542098,0.8618771986314494,0.8173000325625712,-0.5149224099673072,0.7957367657854506,309.7736113829588,164.6733826147816,0.5315926746620244,882.1291421582365,51.546352420063045,0.058434020549359256,132.63482937347968,198.11645557205634,mixed,0.6968938668542098,0.6345565445158379,0.116371831696641,-0.48426782626159814,-0.7193823019776919,-0.6356980788900577,-0.49188718507036455,1
139,MYS_06_03,1,101.25,3.75,3,6,101.0,101.5,3.5,4.0,True,True,11,11,11,1,3,0,0,0,0.6931116442980493,0.6931116442980493,0.9511431711798568,0.7954123548414261,-0.17943302091298222,0.45334592366524795,219.93231796883325,242.95537360666043,1.1046824579964178,872.1883845186971,71.18830143044806,0.08162032732152488,106.51892513754298,222.8159665567204,precipitation-dominant,0.6931116442980493,0.6223771669255496,-0.04286728719689097,-0.7361952897458454,-0.8517186245273678,-0.37833010598779354,0.07537799638083552,12
140,MYS_10_35,1,117.25,5.75,35,10,117.0,117.5,5.5,6.0,True,True,1,10,1,3,4,9,-3,0,0.6880502397132235,0.6880502397132235,0.880009909498221,0.6712657500828606,-0.5532775416172532,0.6399484406770038,281.2948646839485,194.5882328502763,0.6917589237503776,861.0454755444131,105.98028161402885,0.12308325706841525,187.83251295134642,306.1259517481052,precipitation-dominant,0.6880502397132235,0.46411968531817077,-0.03791612813147068,-0.4748339894180652,-0.6660188943929694,-0.582906417668497,-0.42367687639231233,3
141,MYS_07_05,1,102.25,4.25,5,7,102.0,102.5,4.0,4.5,True,True,12,11,12,3,3,11,-1,0,0.6827551896685808,0.6827551896685808,0.9833778357296737,0.7166910352677657,-0.188387845015219,0.3189766299999287,263.32308455486856,463.1003223335908,1.7586772656732064,845.4088046376232,132.13752759257056,0.1563001554605409,96.60528868911673,293.6093315696057,precipitation-dominant,0.6827551896685808,0.44600236954434014,-0.05017944782289602,-0.5746217435577641,-0.7896008422214886,-0.6494533645359704,-0.37798035386584306,1
142,MYS_07_04,1,101.75,4.25,4,7,101.5,102.0,4.0,4.5,True,True,12,11,11,3,3,11,-1,0,0.6826685465627916,0.6826685465627916,0.9256783877404933,0.7787674117298234,-0.22951517340184838,0.4000562694195142,244.11829437184494,256.5850538520333,1.051068517876824,853.4112597502417,115.00830577976296,0.13476305177110173,93.15412872095492,199.1753556745502,mixed,0.6826685465627916,0.5875755180222916,0.0931286786838707,-0.5393230298385322,-0.8026759380745586,-0.6258596858192359,-0.3016786628338881,1
143,MYS_08_07,1,103.25,4.75,7,8,103.0,103.5,4.5,5.0,True,True,12,11,12,1,4,11,-1,0,0.6804220999010648,0.6804220999010648,0.9920751707873046,0.6889310487515797,0.21667771249475856,-0.2363921742578966,268.6186731628269,645.5334117866805,2.4031591109653854,803.5111575909842,134.98108583945339,0.16798906221058796,169.18513360751209,641.9782342422493,precipitation-dominant,0.6804220999010648,0.41255196050561344,-0.07443626482347106,-0.5359450697095973,-0.768776248838011,-0.7085170007631302,-0.44847644245403195,1
144,MYS_05_07,1,103.25,3.25,7,5,103.0,103.5,3.0,3.5,True,True,12,11,12,3,3,11,-1,0,0.6795272496305081,0.6795272496305081,0.983812079900212,0.7119929903017268,0.25307906913012285,0.00189762435692679,224.31179664777838,416.8907288229298,1.858532342271526,801.8085281996118,108.08726025973806,0.1348043285376849,103.84276850508668,418.0873253073289,precipitation-dominant,0.6795272496305081,0.40189700868755196,-0.14176017836096283,-0.6193425687180066,-0.7466750189086154,-0.5908546138576743,-0.32595123992795255,1
145,MYS_07_07,1,103.25,4.25,7,7,103.0,103.5,4.0,4.5,True,True,12,11,12,1,3,11,-1,0,0.679114294374674,0.679114294374674,0.9901983037563102,0.6723511197568125,0.24106676992382448,-0.2227715596365459,259.46276922505524,604.8728007386953,2.331250847839503,838.1248588387745,139.12145799732104,0.16599132758104135,149.93961770896513,627.1712135846848,precipitation-dominant,0.679114294374674,0.4173260311774184,-0.08378380615912569,-0.5560317083860028,-0.7631363973858883,-0.6829590507252841,-0.42331637127633337,1
146,MYS_02_08,1,103.75,1.75,8,2,103.5,104.0,1.5,2.0,True,True,12,12,12,1,3,0,0,0,0.6746558488934017,0.6746558488934017,0.9392118063047433,0.7024545279890662,0.194128355653845,0.3593347911664221,210.3194934133487,248.16763745873283,1.1799554736041502,830.1295256473845,73.88885876619361,0.08900883113219069,87.98756240413076,184.98144803824303,precipitation-dominant,0.6746558488934017,0.3989149111833603,-0.3399018650903778,-0.7602714613587217,-0.5820151353725829,-0.2305377287890368,0.006876046487119823,12
147,MYS_08_04,1,101.75,4.75,4,8,101.5,102.0,4.5,5.0,True,True,12,10,12,3,3,10,-2,0,0.6714667918748317,0.6714667918748317,0.9365550451540219,0.7572138203998084,-0.27458558157885177,0.34512502133429657,253.05284113794548,295.341526690562,1.167114051604597,851.4296839250837,129.26435231042296,0.15182034964357288,117.70669745585434,246.45542004252871,precipitation-dominant,0.6714667918748317,0.5569871908181905,0.08446282267405048,-0.4995194108548207,-0.7714063590146372,-0.6505027995209253,-0.3683358348535221,2
148,MYS_09_06,1,102.75,5.25,6,9,102.5,103.0,5.0,5.5,True,True,12,11,12,3,4,11,-1,0,0.6692107973138165,0.6692107973138165,0.9850275601875511,0.6852898174178396,0.09875396456340173,-0.1393476571816831,274.8649636596086,614.5425231906671,2.2357979533241403,815.0134145873909,141.8410718773448,0.17403526044924467,172.68760029190548,618.3442534758769,precipitation-dominant,0.6692107973138165,0.4073782930805779,-0.042991479916476415,-0.481085188786373,-0.7638072376080592,-0.7677045332079132,-0.5146745444599661,1
149,MYS_06_06,1,102.75,3.75,6,6,102.5,103.0,3.5,4.0,True,True,12,11,12,3,3,11,-1,0,0.6690582247228152,0.6690582247228152,0.9841222184454209,0.6909570819861202,0.05845909386634425,0.11169883774153455,236.9321641090013,462.7480719275701,1.9530825359560788,840.5915664220739,130.66634535693618,0.1554457010711033,102.85269981745911,410.4210453356873,precipitation-dominant,0.6690582247228152,0.41774421299969444,-0.09635258078986338,-0.5831891878603447,-0.761698545508532,-0.6274724447500902,-0.34561250354592493,1
150,MYS_05_06,1,102.75,3.25,6,5,102.5,103.0,3.0,3.5,True,True,12,11,12,3,3,11,-1,0,0.6659652738159971,0.6659652738159971,0.9755166141858095,0.7350793512659859,0.029879115991335123,0.26677057755926736,215.08300532752278,364.4180037447169,1.6943133335420466,843.9404463358904,118.18523851869475,0.14003978483531138,85.63398044068317,314.2274087071796,precipitation-dominant,0.6659652738159971,0.41214317817998924,-0.12711827144818943,-0.6126015012254491,-0.7255779855220492,-0.54629402865869,-0.28531107327899224,1
151,MYS_01_08,1,103.75,1.25,8,1,103.5,104.0,1.0,1.5,True,True,12,12,12,1,3,0,0,0,0.6625814480145702,0.6625814480145702,0.9432111170092606,0.6953211315339646,0.1428749986893521,0.46184436072218243,210.03206442192024,226.28923256636438,1.0774032678733574,817.9754896491091,56.04351370110862,0.06851490589913627,87.47501764694528,144.91187075283923,precipitation-dominant,0.6625814480145702,0.39433376159262223,-0.39204922193912134,-0.7336216363175172,-0.44016489542160386,-0.03657794331308881,0.13776207010084918,12
152,MYS_05_26,1,112.75,3.25,26,5,112.5,113.0,3.0,3.5,True,True,1,11,1,3,8,10,-2,0,0.6609960502352737,0.6609960502352737,0.9626767330701873,0.80282036124645,-0.4265160499567113,0.7117491577642492,327.89262146112316,285.744438891257,0.871457361919126,894.8593942291315,22.63933222202661,0.02529931782358843,199.08425765441416,264.4143296804584,precipitation-dominant,0.6609960502352737,0.2986138248446303,-0.2196121081381407,-0.5108782509493246,-0.6757733528294068,-0.7403298750417676,-0.686208678167514,2
153,MYS_07_06,1,102.75,4.25,6,7,102.5,103.0,4.0,4.5,True,True,12,11,12,3,3,11,-1,0,0.6602611274201183,0.6602611274201183,0.9897710361678557,0.6705293966730715,-0.005865722397272984,0.08024214638062876,269.1957876324738,586.4494832073301,2.178523996846469,840.998085665045,140.87856537318783,0.1675135387041741,132.4914611484683,490.7033832269569,precipitation-dominant,0.6602611274201183,0.3766046418709898,-0.14675656036353454,-0.6291450979501602,-0.79328455903312,-0.6304449504982743,-0.3293242163795857,1
154,MYS_06_28,1,113.75,3.75,28,6,113.5,114.0,3.5,4.0,True,True,1,11,12,3,4,10,-2,0,0.6585629411025291,0.6585629411025291,0.9411184139906349,0.7696292392449628,-0.41579326782378706,0.7860667797852451,318.21351674112367,176.42179640867363,0.554413270106933,890.4540570310875,34.971630332642235,0.03927393003210418,166.72012054878618,205.85648574947407,precipitation-dominant,0.6585629411025291,0.4089919281853888,-0.19417235795878468,-0.6473142948333261,-0.7474874324622415,-0.6071838813378757,-0.4757192907709226,2
155,MYS_03_05,1,102.25,2.25,5,3,102.0,102.5,2.0,2.5,True,True,12,11,12,3,3,11,-1,0,0.6580690347234781,0.6580690347234781,0.9223980080066403,0.7706133617233496,0.05246494227104587,0.4996268731697973,199.63172348588785,200.50898826240163,1.0043944156830154,833.873340638732,99.74712686979785,0.11961903805845783,56.92904537591701,134.17630958819504,precipitation-dominant,0.6580690347234781,0.4752942512192901,-0.2127209966664792,-0.7149338101185283,-0.6213671862592097,-0.3105210949066359,-0.10972325310194508,1
156,MYS_04_06,1,102.75,2.75,6,4,102.5,103.0,2.5,3.0,True,True,12,11,12,3,3,11,-1,0,0.6579397427717202,0.6579397427717202,0.956716615797792,0.7228722442163175,-0.017625099440716316,0.4186276198441911,206.05496240409948,296.67768556578744,1.4397987901109874,850.4089321764209,102.45243287549238,0.12047431417881461,74.45431472604777,255.2171094628577,precipitation-dominant,0.6579397427717202,0.4049212109923188,-0.19080595643916629,-0.667699656209209,-0.6740240951057082,-0.4236430335400303,-0.19809189214150794,1
157,MYS_08_06,1,102.75,4.75,6,8,102.5,103.0,4.5,5.0,True,True,12,11,12,3,3,11,-1,0,0.6452079134858146,0.6452079134858146,0.9875174879363957,0.6561546430563467,-0.04156789331586508,0.058816130421629045,283.17835195897237,640.8261513972232,2.2629771907496226,848.1249752241755,131.83360792674318,0.1554412519120747,171.82674761431824,596.5619140185178,precipitation-dominant,0.6452079134858146,0.3499850430645481,-0.15602643398515237,-0.6140839519382069,-0.8011202597486843,-0.6762933173828561,-0.3784387122288684,1
158,MYS_08_05,1,102.25,4.75,5,8,102.0,102.5,4.5,5.0,True,True,12,10,12,3,3,10,-2,0,0.6448730351746965,0.6448730351746965,0.9804476831054376,0.6974211873430846,-0.1891890219115275,0.2600827000751337,277.3076720459247,517.0456113421727,1.8645196778275404,849.685887517374,128.6728280978732,0.1514357599534006,146.76913645328588,407.38853713690287,precipitation-dominant,0.6448730351746965,0.36095382173037355,-0.15134917313211624,-0.6299297024906261,-0.808530954184479,-0.6524880947063519,-0.35684716022928464,2
159,MYS_06_27,1,113.25,3.75,27,6,113.0,113.5,3.5,4.0,True,True,1,11,1,3,4,10,-2,0,0.6413124341863741,0.6413124341863741,0.9621638239525816,0.7886607201288918,-0.4022148639432533,0.7646993947927042,324.50771378278733,234.3038236618042,0.7220285179989216,890.0879774416732,35.58988670807719,0.039984684222306964,168.7357656380518,206.1010485831506,precipitation-dominant,0.6413124341863741,0.31311306997297406,-0.2411050188645331,-0.5979193639452612,-0.7494936328173859,-0.6951692693177751,-0.5648663598608137,2
160,MYS_06_07,1,103.25,3.75,7,6,103.0,103.5,3.5,4.0,True,True,12,11,12,1,3,11,-1,0,0.6381347836359397,0.6381347836359397,0.9864845313774646,0.6626185988392854,0.2766350968080878,-0.13975570886624586,238.81773961283773,495.66779181365166,2.075506587648009,830.4276085568098,129.58307275709763,0.15604379168257485,127.06540955830991,530.0553400254366,precipitation-dominant,0.6381347836359397,0.3701639698683338,-0.15353301451917414,-0.6259887599402455,-0.7862454713329747,-0.6388017795921599,-0.3353410894367278,1
161,MYS_03_07,1,103.25,2.25,7,3,103.0,103.5,2.0,2.5,True,True,12,12,12,3,3,0,0,0,0.637590617942511,0.637590617942511,0.9455202243408887,0.6599495925859591,0.09973841472567584,0.35780903205327036,209.73042470499743,287.40757401622795,1.3703666238243193,845.8939291290338,99.02360757817678,0.11706385891684486,85.36379323584431,272.9700780757773,precipitation-dominant,0.637590617942511,0.3386784098536495,-0.31944661631651494,-0.7653089558542423,-0.6465639514318385,-0.3211326910962243,-0.08923967409703712,12
162,MYS_09_07,1,103.25,5.25,7,9,103.0,103.5,5.0,5.5,True,True,12,11,12,3,4,11,-1,0,0.6373150246598219,0.6373150246598219,0.9873222700214501,0.6705286980833643,0.2509986572461118,-0.2670586206088717,265.2060551281918,612.6100269296435,2.309939818808165,839.4870073354263,149.48601106585886,0.17806828427319552,199.07026361950543,703.7702761085454,precipitation-dominant,0.6373150246598219,0.38202461010131666,-0.05605389504249412,-0.4869759510932249,-0.7757892131354588,-0.7842081059887352,-0.5070895500411977,1
163,MYS_09_35,1,117.25,5.25,35,9,117.0,117.5,5.0,5.5,True,True,10,10,10,3,4,0,0,0,0.6310490222540264,0.6310490222540264,0.8128478602347761,0.7417109760130722,-0.4367843460773952,0.5851009364552426,279.73498705719305,137.595406347406,0.4918777153866492,865.4081109605686,78.11068050646907,0.09025878024157795,158.49259878661,140.78208448937707,mixed,0.6310490222540264,0.3933366011137868,0.011975080216958773,-0.2750891719574385,-0.3974457969691852,-0.5045954120209369,-0.5319785409167411,12
164,MYS_03_06,1,102.75,2.25,6,3,102.5,103.0,2.0,2.5,True,True,12,11,12,3,3,11,-1,0,0.5988986394228887,0.5988986394228887,0.9270014501942179,0.6824077688959607,-0.03317351706235109,0.5577283106597033,201.65139448022373,232.04487874276526,1.1507229064340652,839.8609405973625,90.96511676643468,0.10830973601622014,63.87582380285568,168.47653803273974,precipitation-dominant,0.5988986394228887,0.35663115407782875,-0.3059400190189799,-0.7517208530143924,-0.6079101835425437,-0.2784643595378831,-0.08110010099275543,1
165,MYS_01_07,1,103.25,1.25,7,1,103.0,103.5,1.0,1.5,True,True,12,12,12,1,3,0,0,0,0.5948309557698392,0.5948309557698392,0.9071316812090144,0.6793851103125105,0.03709819078354137,0.5623447705266552,208.72881442175972,196.6136874720503,0.9419575731157583,784.0849817680592,58.577605461351936,0.07470823548904527,69.54214508042043,123.25263000681545,precipitation-dominant,0.5948309557698392,0.41077061320847424,-0.36300706601775884,-0.7284753841060577,-0.47707006492575144,-0.0718745662538259,0.13222650725406548,12
166,MYS_08_36,1,117.75,4.75,36,8,117.5,118.0,4.5,5.0,True,True,10,11,10,3,8,1,1,0,0.5897787506338107,0.5897787506338107,0.8160081748620072,0.7386527491081855,-0.268934930835566,0.440753863335064,246.37232475220404,100.17025039628587,0.40658077361990613,851.078469569103,77.10425565051628,0.09059594198118276,93.21548585201468,64.94992218194763,mixed,0.5897787506338107,0.45571187430662213,0.20528836007800846,-0.1675557379623214,-0.4422203351106201,-0.5654013598363384,-0.5875790498284423,11
167,MYS_02_07,1,103.25,1.75,7,2,103.0,103.5,1.5,2.0,True,True,12,11,12,3,3,11,-1,0,0.5860244439056893,0.5860244439056893,0.9244069722662837,0.6262097535784836,0.04317041743777839,0.5497113315590613,209.46090182135006,229.583792475844,1.0960699131891298,828.1999697240193,78.50039697265618,0.09478435141553414,76.10827346677665,175.68455073518555,precipitation-dominant,0.5860244439056893,0.3073831375124748,-0.42022085487478356,-0.8045348657649859,-0.5695812243627161,-0.17801265629007593,0.0371862220697849,1
168,MYS_02_06,1,102.75,1.75,6,2,102.5,103.0,1.5,2.0,True,True,12,11,12,3,3,11,-1,0,0.5290054199865751,0.5290054199865751,0.9059827386648673,0.6768927773641527,-0.015435086305826856,0.630825599764016,203.4082627647709,196.68960157292543,0.9669695758642056,828.2236381053925,85.74353427886956,0.10352703102632116,60.356973902912195,122.93397544175386,precipitation-dominant,0.5290054199865751,0.2939820165337929,-0.3838903328180842,-0.7913854977666742,-0.5862769912128765,-0.21774892997689335,-0.012960446534785446,1
169,MYS_08_35,1,117.25,4.75,35,8,117.0,117.5,4.5,5.0,True,True,10,10,10,3,4,0,0,0,0.48990138223435614,0.48990138223435614,0.8386647231123071,0.6927354292573815,-0.0737823583756365,0.5289680836862475,260.67002750248713,98.53835546584358,0.3780195076892889,862.0077152213174,59.557138181010146,0.06909118924268452,121.83096055139599,78.32800160749878,mixed,0.48990138223435614,0.45157004171256376,0.3235104152794797,0.05732800457033489,-0.2330171182667343,-0.42679169039642467,-0.45934505327478803,12
170,MYS_07_38,1,118.75,4.25,38,7,118.5,119.0,4.0,4.5,True,True,12,12,12,3,8,0,0,0,0.47154069430463785,0.47154069430463785,0.6020174541800907,0.5780363922923569,-0.3716555767471521,0.28920889604773536,187.0724887100267,78.4945321471603,0.4195942048369892,695.0069876776802,78.68483581542966,0.11321445281917213,45.27786867216023,36.40229674180349,mixed,0.47154069430463785,0.39907795059378126,0.1962179822644279,-0.1990943560847008,-0.5706488313657622,-0.740389574862369,-0.5601945824712906,12
171,MYS_07_37,1,118.25,4.25,37,7,118.0,118.5,4.0,4.5,True,True,12,12,12,3,8,0,0,0,0.4242789703891406,0.4242789703891406,0.5512139543414232,0.7922204382797127,-0.31887575040082167,0.3466165795700853,209.45906833666652,69.98362166384277,0.3341159789336841,734.9972962143906,85.90386489252626,0.11687643660048111,51.664542192209915,42.05603188745433,storage-dominant,0.4242789703891406,0.39271484695195125,0.2548517367458526,-0.08444064540701063,-0.45670394931632946,-0.6765014137822586,-0.5907777410755923,12
172,MYS_03_31,1,115.25,2.25,31,3,115.0,115.5,2.0,2.5,True,True,11,9,11,3,10,10,-2,0,0.25862402928005696,0.25862402928005696,0.8392594566068762,0.6701501655867041,0.4087614194007174,0.5744486098343975,282.2784578111437,88.30597635904948,0.31283285676064565,872.4706129286025,39.73868815104174,0.045547308484868945,144.86064885821605,67.04277763366699,precipitation-dominant,0.25862402928005696,0.2406419129653859,-0.00695640962586659,-0.2939093731480176,-0.44508404150063957,-0.4011560180230296,-0.20312955908505015,2
