configuration,model_family,lambda_precipitation,lambda_pet,seed,test_fold,validation_fold,train_region_count,validation_region_count,test_region_count,test_sample_count,selected_ridge_alpha,best_epoch,epochs_completed,training_seconds,validation_rmse_mm,test_rmse_mm,test_mae_mm,test_r_squared,test_mean_bias_mm,core_test_rmse_mm,core_test_r_squared,test_precipitation_violation_fraction,test_pet_violation_fraction,test_precipitation_negative_gradient_mean,test_pet_positive_gradient_mean
Mean,Mean,0.0,0.0,-1,0,1,20,7,6,72,,0,0,0.0,,182.86673620249337,169.60907660590277,-6.156047964056628,-169.60907660590277,191.49205367977655,-7.779751009356984,,,,
Ridge,Ridge,0.0,0.0,-1,0,1,20,7,6,72,10.0,0,0,0.0,38.89752972383127,68.0676856044113,61.264316982693146,0.008515831741171542,-61.19048648410373,70.1363757062614,-0.17778854458072946,0.0,0.0,,
MLP,MLP,0.0,0.0,20260806,0,1,20,7,6,72,,238,438,1.193307876586914,31.744282042536696,53.03393970705705,45.14175584581163,0.39811766588251185,-40.67970954047309,55.6942948194861,0.2573193567566242,0.0390625,1.0,0.0011858288198709488,0.18922048807144165
MLP,MLP,0.0,0.0,20260807,0,1,20,7,6,72,,213,413,0.8002195358276367,32.78352835170308,56.0879283974271,48.47741021050347,0.32680231356186273,-44.04827372233073,57.61408496270996,0.20523629903849294,0.030381944444444444,0.9305555555555556,0.0008860810776241124,0.14461225271224976
MLP,MLP,0.0,0.0,20260808,0,1,20,7,6,72,,100,300,0.5859043598175049,34.8262197913476,74.37675547420837,67.52625698513455,-0.18379983191117488,-66.7942403157552,77.33143533744719,-0.43183451894542046,0.003472222222222222,0.2777777777777778,2.127490733982995e-05,0.005738513544201851
MLP,MLP,0.0,0.0,20260809,0,1,20,7,6,72,,231,431,0.8911774158477783,34.41239748879893,47.43316693084083,41.98239050971137,0.5185313001425614,-32.36633046468099,48.6750576549965,0.432725012094604,0.05295138888888889,1.0,0.001981747802346945,0.10316851735115051
MLP,MLP,0.0,0.0,20260810,0,1,20,7,6,72,,264,464,0.9466896057128906,32.327339846660855,48.75220398969652,41.010374281141495,0.4913812999559558,-35.346232096354164,50.318413912123006,0.3937739805723812,0.011284722222222222,1.0,0.00023340174811892211,0.21469007432460785
PINN_P_lambda10,PINN_P,10.0,0.0,20260806,0,1,20,7,6,72,,239,439,1.8377187252044678,31.59391292764217,52.890251724928,44.94992997911241,0.40137467833334994,-40.19179365370009,55.61775522733339,0.25935925738154175,0.030381944444444444,1.0,0.0007282401202246547,0.19092470407485962
PINN_P_lambda10,PINN_P,10.0,0.0,20260807,0,1,20,7,6,72,,220,420,1.7245028018951416,32.943572050169415,55.127554181892975,47.526139153374565,0.34965880459307885,-42.843084547254776,56.578234580598746,0.23355769208960275,0.024305555555555556,0.9305555555555556,0.0006694201729260385,0.1463405042886734
PINN_P_lambda10,PINN_P,10.0,0.0,20260808,0,1,20,7,6,72,,98,298,1.2206461429595947,34.62880822890154,74.90457529261995,68.08293745252821,-0.20066128529893867,-67.43021731906467,77.85711553619389,-0.4513672055565334,0.0026041666666666665,0.2361111111111111,1.3734174899582285e-05,0.00465759402140975
PINN_P_lambda10,PINN_P,10.0,0.0,20260809,0,1,20,7,6,72,,251,451,1.7753188610076904,33.831897245533284,45.798972254864694,39.689541286892364,0.5511354781677716,-29.780432807074654,47.0473437096097,0.4700304683100095,0.04600694444444445,1.0,0.001461550360545516,0.11340382695198059
PINN_P_lambda10,PINN_P,10.0,0.0,20260810,0,1,20,7,6,72,,239,439,1.7582728862762451,32.736049705413656,49.893828374271195,42.07187737358941,0.4672818753159741,-37.709348890516495,51.53002348166765,0.36422804468745273,0.005208333333333333,1.0,5.1646449719555676e-05,0.22073356807231903
PINN_P_PET_lambda1,PINN_P_PET,1.0,1.0,20260806,0,1,20,7,6,72,,208,408,1.6799352169036865,29.754184934127487,64.14480188700733,57.40796830919054,0.11950528872257815,-54.952003479003906,65.71060871445208,-0.03383603726892659,0.03298611111111111,0.4027777777777778,0.0006957011646591127,0.005607808008790016
PINN_P_PET_lambda1,PINN_P_PET,1.0,1.0,20260807,0,1,20,7,6,72,,188,388,1.6060421466827393,30.60389510851232,64.02940653727848,57.31355200873481,0.12267042757631885,-54.836804707845054,64.55149358280894,0.0023153813663170375,0.026909722222222224,0.3055555555555556,0.0007737372070550919,0.004871131852269173
PINN_P_PET_lambda1,PINN_P_PET,1.0,1.0,20260808,0,1,20,7,6,72,,157,357,1.4319367408752441,34.29264065153691,66.09786024498919,59.38455454508463,0.06507103161241234,-57.198499043782554,68.00878758194598,-0.1074158909840317,0.011284722222222222,0.3055555555555556,0.0001957751519512385,0.0056984880939126015
PINN_P_PET_lambda1,PINN_P_PET,1.0,1.0,20260809,0,1,20,7,6,72,,204,404,1.5700373649597168,33.646593984521395,54.41576529393567,49.43319871690538,0.36634436956205707,-42.76618448893229,55.37500709110281,0.26581031989125903,0.0546875,0.3472222222222222,0.0015044481260702014,0.0041837492026388645
PINN_P_PET_lambda1,PINN_P_PET,1.0,1.0,20260810,0,1,20,7,6,72,,214,414,1.611926555633545,31.890203016343417,64.40670153000922,57.60423702663846,0.11230058905048323,-55.824134826660156,64.51326281079515,0.003496793481242211,0.021701388888888888,0.4722222222222222,0.0005169736687093973,0.012108777649700642
PINN_P_PET_lambda10,PINN_P_PET,10.0,10.0,20260806,0,1,20,7,6,72,,201,401,1.5824358463287354,29.84632086932754,66.06268264185837,59.360242207845054,0.06606591430173403,-57.05833519829644,67.60469526389593,-0.09429497513516871,0.024305555555555556,0.013888888888888888,0.0004107463173568249,0.00015051533409859985
PINN_P_PET_lambda10,PINN_P_PET,10.0,10.0,20260807,0,1,20,7,6,72,,185,385,1.4473605155944824,30.487418225602113,65.59794584282433,58.83639695909288,0.07915974742481302,-56.67633395724826,65.92739324215869,-0.0406687041928786,0.029513888888888888,0.013888888888888888,0.0007778742583468556,1.4875213310006075e-05
PINN_P_PET_lambda10,PINN_P_PET,10.0,10.0,20260808,0,1,20,7,6,72,,159,359,1.449763536453247,33.72177448085977,66.73099908432405,60.1504397922092,0.04707423476254491,-58.081695556640625,68.4406527255774,-0.12152503276414928,0.008680555555555556,0.05555555555555555,0.00012293714098632336,0.0005217440775595605
PINN_P_PET_lambda10,PINN_P_PET,10.0,10.0,20260809,0,1,20,7,6,72,,201,401,1.6571393013000488,32.28297058001245,56.294557407146,51.01819525824653,0.3218330304089202,-45.54906548394097,57.16119808008229,0.21768198391350702,0.03993055555555555,0.027777777777777776,0.0010538981296122074,0.0003286185092292726
PINN_P_PET_lambda10,PINN_P_PET,10.0,10.0,20260810,0,1,20,7,6,72,,207,407,1.6023409366607666,31.897900501334163,67.06144955217394,60.26305219862196,0.03761313136766353,-58.81124793158637,66.98804605174887,-0.07442302422419256,0.020833333333333332,0.2638888888888889,0.0004118121578358114,0.004435176961123943
Mean,Mean,0.0,0.0,-1,1,2,20,6,7,84,,0,0,0.0,,105.2979645860678,88.21183086576916,-2.249530330900029e-06,-0.15793028331938244,101.07218881730883,-0.021520467687517586,,,,
Ridge,Ridge,0.0,0.0,-1,1,2,20,6,7,84,100.0,0,0,0.0,54.52879247930942,49.970262443496615,35.41620999290829,0.7747917556376257,23.29898470924014,39.788348006511605,0.8416946666241495,0.0,0.0,,
MLP,MLP,0.0,0.0,20260806,1,2,20,6,7,84,,18,218,0.4252748489379883,55.34683747537231,68.13914549491022,52.664671761649,0.581250414461292,31.69143277122861,56.23777715666465,0.6837430894612985,0.13541666666666666,0.0,0.00502104964107275,0.0
MLP,MLP,0.0,0.0,20260807,1,2,20,6,7,84,,1204,1404,3.1142706871032715,35.441924200049726,37.38634911993361,27.324883960542223,0.8739371449794281,-21.0189452398391,36.95380760085401,0.8634467258510904,0.11383928571428571,0.08333333333333333,0.008666221983730793,0.002736581489443779
MLP,MLP,0.0,0.0,20260808,1,2,20,6,7,84,,841,1041,2.247889995574951,36.75477426506866,35.23428726349764,28.79923611595517,0.8880324936954616,-16.891329447428387,33.61273176572652,0.8870226586092422,0.140625,0.2261904761904762,0.008443494327366352,0.006303854752331972
MLP,MLP,0.0,0.0,20260809,1,2,20,6,7,84,,793,993,2.2125191688537598,36.186656157063325,49.42627865629571,39.8430666242327,0.7796683681898424,-34.7885498773484,45.83613979944601,0.7899126989843049,0.10119047619047619,0.11904761904761904,0.005410646554082632,0.005479645915329456
MLP,MLP,0.0,0.0,20260810,1,2,20,6,7,84,,13,213,0.3694124221801758,65.35866592796457,84.6934125322813,67.53853752499535,0.3530655348890166,57.333274841308594,71.24327444911516,0.4924585977673275,0.2105654761904762,0.0,0.0028130642604082823,0.0
PINN_P_lambda10,PINN_P,10.0,0.0,20260806,1,2,20,6,7,84,,18,218,0.8419227600097656,55.0486479849859,67.87915336858823,52.13958485921224,0.5844398847371645,32.81566256568546,55.7503705214294,0.6892012616153543,0.13020833333333334,0.0,0.004265533294528723,0.0
PINN_P_lambda10,PINN_P,10.0,0.0,20260807,1,2,20,6,7,84,,894,1094,4.601877450942993,38.48376138421252,34.299998015320114,26.141598292759486,0.8938917348131,-20.368194943382626,34.00564594513111,0.8843659361945805,0.05952380952380952,0.15476190476190477,0.0016809285152703524,0.011183885857462883
PINN_P_lambda10,PINN_P,10.0,0.0,20260808,1,2,20,6,7,84,,1107,1307,5.39458441734314,30.738783670963358,26.376488595665794,21.230826604933966,0.9372527087570576,-2.5681381225585938,23.948752431010778,0.9426478741883726,0.06845238095238096,0.23809523809523808,0.001947209588252008,0.009610927663743496
PINN_P_lambda10,PINN_P,10.0,0.0,20260809,1,2,20,6,7,84,,13,213,0.7833828926086426,58.4566329045233,70.69872445329754,55.56778426397415,0.5491997160438435,16.22732725597563,59.928700374424,0.6408685406956673,0.13913690476190477,0.0,0.009708160534501076,0.0
PINN_P_lambda10,PINN_P,10.0,0.0,20260810,1,2,20,6,7,84,,13,213,0.8514673709869385,64.33335684011308,85.17835990157737,67.68086932954334,0.3456357395604306,58.08392224993025,71.62829199293259,0.48695799786798677,0.16592261904761904,0.0,0.002195849549025297,0.0
PINN_P_PET_lambda1,PINN_P_PET,1.0,1.0,20260806,1,2,20,6,7,84,,18,218,0.822725772857666,55.31846245813929,68.10179720062267,52.60423605782645,0.5817093370518609,31.79976508730934,56.1790407878858,0.6844033602942295,0.13541666666666666,0.0,0.004943855572491884,0.0
PINN_P_PET_lambda1,PINN_P_PET,1.0,1.0,20260807,1,2,20,6,7,84,,708,908,3.7625133991241455,41.671093315648065,29.00553504984874,22.319266546340216,0.9241207924869441,-12.51576414562407,28.919568603318698,0.9163689881111288,0.0818452380952381,0.023809523809523808,0.0032775509171187878,0.00020193566160742193
PINN_P_PET_lambda1,PINN_P_PET,1.0,1.0,20260808,1,2,20,6,7,84,,724,924,3.9167094230651855,38.473922575456726,32.0792635547196,25.58860161190941,0.9071867878132774,-11.722015017554874,30.476635888351435,0.907120945868447,0.140625,0.047619047619047616,0.005648489575833082,0.0004917294136248529
PINN_P_PET_lambda1,PINN_P_PET,1.0,1.0,20260809,1,2,20,6,7,84,,48,248,0.7856717109680176,58.59553568071733,46.56420021983451,34.07205418178013,0.8044466229672071,9.6526365734282,38.52640976899397,0.8515771351533353,0.13392857142857142,0.0,0.003707881784066558,0.0
PINN_P_PET_lambda1,PINN_P_PET,1.0,1.0,20260810,1,2,20,6,7,84,,13,213,0.7576191425323486,65.26928247542287,84.73185337546118,67.55855124337333,0.3524781373734269,57.404736836751304,71.2708738817712,0.4920652815375489,0.20684523809523808,0.0,0.002735902089625597,0.0
PINN_P_PET_lambda10,PINN_P_PET,10.0,10.0,20260806,1,2,20,6,7,84,,18,218,0.8708527088165283,55.134961797394524,67.9847441657561,52.23114631289528,0.5831460131919346,32.89047132219587,55.83804104266242,0.6882229968419431,0.13020833333333334,0.0,0.004278762266039848,0.0
PINN_P_PET_lambda10,PINN_P_PET,10.0,10.0,20260807,1,2,20,6,7,84,,760,960,3.9411497116088867,34.924438032694745,29.77860473713081,22.499332972935267,0.9200221519014814,-14.504419235956101,30.764260227256827,0.9053595746258845,0.05505952380952381,0.03571428571428571,0.0013777614803984761,0.0003093924024142325
PINN_P_PET_lambda10,PINN_P_PET,10.0,10.0,20260808,1,2,20,6,7,84,,787,987,3.9937644004821777,36.73741910726071,29.813488280327256,23.611853826613654,0.9198346652925056,-8.709240504673549,28.15837078233054,0.9207135856652865,0.09821428571428571,0.07142857142857142,0.0028009747620671988,0.0009126989752985537
PINN_P_PET_lambda10,PINN_P_PET,10.0,10.0,20260809,1,2,20,6,7,84,,13,213,0.8752908706665039,58.453277490371455,70.70180416685317,55.569161914643786,0.5491604404842116,16.23550742013114,59.92976877855654,0.640855735446993,0.13913690476190477,0.0,0.009708444587886333,0.0
PINN_P_PET_lambda10,PINN_P_PET,10.0,10.0,20260810,1,2,20,6,7,84,,13,213,0.7730557918548584,64.3726029590728,85.12836978027823,67.64019448416573,0.3464035906843894,58.01014309837704,71.58947310709569,0.48751393244924557,0.16741071428571427,0.0,0.002195628359913826,0.0
Mean,Mean,0.0,0.0,-1,2,3,21,6,6,72,,0,0,0.0,,102.62493850005464,85.47173309326172,-0.0016423059825396713,-4.155503167046441,102.62493850005464,-0.0016423059825396713,,,,
Ridge,Ridge,0.0,0.0,-1,2,3,21,6,6,72,10.0,0,0,0.0,24.986360604234314,59.212778061331406,53.19957309299045,0.6665446313359016,51.52942403157552,59.212778061331406,0.6665446313359016,0.0,0.0,,
MLP,MLP,0.0,0.0,20260806,2,3,21,6,6,72,,103,303,0.6398963928222656,29.480698577381773,64.64439587144226,57.66973453097873,0.6025627199836824,57.39215850830078,64.64439587144226,0.6025627199836824,0.0026041666666666665,0.4444444444444444,5.8868350606644526e-05,0.00708899088203907
MLP,MLP,0.0,0.0,20260807,2,3,21,6,6,72,,109,309,0.578702449798584,29.17931804044628,66.58637893105465,58.39512634277344,0.5783252117431328,58.15872701009115,66.58637893105465,0.5783252117431328,0.0078125,0.5555555555555556,0.00027888946351595223,0.010848747566342354
MLP,MLP,0.0,0.0,20260808,2,3,21,6,6,72,,59,259,0.5152196884155273,29.035249288630492,64.48031014738307,55.93035803900825,0.6045777753488333,53.26582929823134,64.48031014738307,0.6045777753488333,0.008680555555555556,0.0,0.00018824503058567643,0.0
MLP,MLP,0.0,0.0,20260809,2,3,21,6,6,72,,103,303,0.6320374011993408,28.86001138982345,65.45097686850629,58.59031677246094,0.5925830386166926,57.71011861165365,65.45097686850629,0.5925830386166926,0.0,0.5416666666666666,0.0,0.012140203267335892
MLP,MLP,0.0,0.0,20260810,2,3,21,6,6,72,,80,280,0.5590593814849854,31.361706291463733,74.34084700888461,65.6068844265408,0.4743921418436725,65.44173007541232,74.34084700888461,0.4743921418436725,0.003472222222222222,0.7777777777777778,2.771666186163202e-05,0.03846350684762001
PINN_P_lambda10,PINN_P,10.0,0.0,20260806,2,3,21,6,6,72,,709,909,3.7349507808685303,25.429704910675074,55.776415741549705,47.01307678222656,0.7041251540988889,44.95460679796007,55.776415741549705,0.7041251540988889,0.041666666666666664,0.4305555555555556,0.001186322420835495,0.024795107543468475
PINN_P_lambda10,PINN_P,10.0,0.0,20260807,2,3,21,6,6,72,,109,309,1.2431824207305908,29.19838488022016,66.44720722322332,58.30794694688585,0.5800860484973243,58.04207102457682,66.44720722322332,0.5800860484973243,0.006944444444444444,0.5555555555555556,0.00026195577811449766,0.010791813023388386
PINN_P_lambda10,PINN_P,10.0,0.0,20260808,2,3,21,6,6,72,,59,259,0.9755992889404297,29.22932571567046,64.9257325847276,56.23698170979818,0.599095845340823,53.70458221435547,64.9257325847276,0.599095845340823,0.009548611111111112,0.0,0.00013704477169085294,0.0
PINN_P_lambda10,PINN_P,10.0,0.0,20260809,2,3,21,6,6,72,,102,302,1.2267358303070068,28.884402419330396,65.24044103060005,58.410164727105034,0.5951998953245979,57.56230672200521,65.24044103060005,0.5951998953245979,0.0,0.4583333333333333,0.0,0.009614767506718636
PINN_P_lambda10,PINN_P,10.0,0.0,20260810,2,3,21,6,6,72,,79,279,1.1441700458526611,31.44439414581264,74.59533564734438,65.97650655110677,0.47078738930615527,65.90621100531683,74.59533564734438,0.47078738930615527,0.003472222222222222,0.8333333333333334,1.2031668120471295e-05,0.04701699689030647
PINN_P_PET_lambda1,PINN_P_PET,1.0,1.0,20260806,2,3,21,6,6,72,,667,867,3.5393612384796143,26.31311622803288,54.13277587266529,45.827171325683594,0.7213061178061786,43.50494469536675,54.13277587266529,0.7213061178061786,0.059895833333333336,0.027777777777777776,0.0017889444716274738,0.00031803533784113824
PINN_P_PET_lambda1,PINN_P_PET,1.0,1.0,20260807,2,3,21,6,6,72,,127,327,1.2112836837768555,28.97752801526621,66.54926161824918,58.27853647867838,0.5787951899270031,58.01805199517144,66.54926161824918,0.5787951899270031,0.0078125,0.25,0.0003014930698554963,0.004985656123608351
PINN_P_PET_lambda1,PINN_P_PET,1.0,1.0,20260808,2,3,21,6,6,72,,59,259,1.067596197128296,29.053845265728004,64.50228473577808,55.9307615492079,0.6043082133310519,53.27583736843533,64.50228473577808,0.6043082133310519,0.008680555555555556,0.0,0.00018320634262636304,0.0
PINN_P_PET_lambda1,PINN_P_PET,1.0,1.0,20260809,2,3,21,6,6,72,,106,306,1.1826205253601074,28.65907309951755,65.07633048947862,58.203464084201386,0.5972338610453582,57.304846869574654,65.07633048947862,0.5972338610453582,0.0,0.3611111111111111,0.0,0.00691800145432353
PINN_P_PET_lambda1,PINN_P_PET,1.0,1.0,20260810,2,3,21,6,6,72,,97,297,1.1349070072174072,31.154790157587534,72.28138793081489,63.305352952745224,0.5031105154841947,63.090887281629776,72.28138793081489,0.5031105154841947,0.001736111111111111,0.4861111111111111,1.3302273146109655e-05,0.012354938313364983
PINN_P_PET_lambda10,PINN_P_PET,10.0,10.0,20260806,2,3,21,6,6,72,,703,903,3.6084494590759277,26.9697683371045,55.31455997275843,46.5589853922526,0.7090048414093897,45.068734063042534,55.31455997275843,0.7090048414093897,0.034722222222222224,0.05555555555555555,0.0007925105164758861,0.0005398905486799777
PINN_P_PET_lambda10,PINN_P_PET,10.0,10.0,20260807,2,3,21,6,6,72,,125,325,1.3118727207183838,29.092685820423405,66.3408004224835,57.820149739583336,0.5814298498694064,57.55084737141927,66.3408004224835,0.5814298498694064,0.0078125,0.027777777777777776,0.000287201110040769,0.0004560740489978343
PINN_P_PET_lambda10,PINN_P_PET,10.0,10.0,20260808,2,3,21,6,6,72,,60,260,0.995532751083374,29.339175992588956,65.35488542117332,56.62586127387153,0.5937784538409789,54.09458753797743,65.35488542117332,0.5937784538409789,0.009548611111111112,0.0,0.00014276259753387421,0.0
PINN_P_PET_lambda10,PINN_P_PET,10.0,10.0,20260809,2,3,21,6,6,72,,106,306,1.262634515762329,28.574488528795285,64.52241794147456,57.53485785590278,0.6040611589058821,56.46160888671875,64.52241794147456,0.6040611589058821,0.0,0.08333333333333333,0.0,0.0006764087011106312
PINN_P_PET_lambda10,PINN_P_PET,10.0,10.0,20260810,2,3,21,6,6,72,,96,296,1.2028896808624268,31.10787920584277,72.38037797020961,63.39874267578125,0.5017485939118423,63.150858561197914,72.38037797020961,0.5017485939118423,0.001736111111111111,0.125,1.3530097930924967e-05,0.0008356618927791715
Mean,Mean,0.0,0.0,-1,3,4,19,8,6,72,,0,0,0.0,,132.90723249189637,114.54872639973958,-0.4408545986036292,73.51673719618056,132.90723249189637,-0.4408545986036292,,,,
Ridge,Ridge,0.0,0.0,-1,3,4,19,8,6,72,100.0,0,0,0.0,57.65659689935696,32.30924411335771,27.532166375054253,0.9148515939440801,-18.339844597710503,32.30924411335771,0.9148515939440801,0.0,0.0,,
MLP,MLP,0.0,0.0,20260806,3,4,19,8,6,72,,24,224,0.5069265365600586,48.7537621795022,43.351413075879556,35.05951139662001,0.846704486791682,-19.808082156711155,43.351413075879556,0.846704486791682,0.1032986111111111,0.0,0.0033165588974952698,0.0
MLP,MLP,0.0,0.0,20260807,3,4,19,8,6,72,,15,215,0.396712064743042,45.45435939276546,42.374633935309646,34.717407650417755,0.8535346660488742,-12.770662519666883,42.374633935309646,0.8535346660488742,0.06944444444444445,0.0,0.0021116058342158794,0.0
MLP,MLP,0.0,0.0,20260808,3,4,19,8,6,72,,19,219,0.4512627124786377,44.84749670905986,47.940540728266775,39.08671951293945,0.8125312931602329,-27.10735532972548,47.940540728266775,0.8125312931602329,0.16927083333333334,0.0,0.00791393592953682,0.0
MLP,MLP,0.0,0.0,20260809,3,4,19,8,6,72,,18,218,0.45475101470947266,50.686090001931525,50.50831644838635,41.85649490356445,0.7919111966155212,-24.87922371758355,50.50831644838635,0.7919111966155212,0.1328125,0.0,0.006723848171532154,0.0
MLP,MLP,0.0,0.0,20260810,3,4,19,8,6,72,,18,218,0.5075333118438721,49.36552076280497,39.21636364788983,32.99568600124783,0.8745537829170316,-18.333123948838974,39.21636364788983,0.8745537829170316,0.04513888888888889,0.0,0.0007365673081949353,0.0
PINN_P_lambda10,PINN_P,10.0,0.0,20260806,3,4,19,8,6,72,,25,225,0.9522218704223633,48.47118030369022,41.07051631078398,33.39612155490451,0.8624111463258647,-19.74788496229384,41.07051631078398,0.8624111463258647,0.078125,0.0,0.0021769634913653135,0.0
PINN_P_lambda10,PINN_P,10.0,0.0,20260807,3,4,19,8,6,72,,15,215,0.7996447086334229,45.28452514173091,41.3562271530018,34.00501166449653,0.860490188674871,-12.311083475748697,41.3562271530018,0.860490188674871,0.06684027777777778,0.0,0.0018469496862962842,0.0
PINN_P_lambda10,PINN_P,10.0,0.0,20260808,3,4,19,8,6,72,,19,219,0.7565879821777344,44.168042197378625,43.73531794740553,35.96645185682509,0.8439774026427036,-23.137440999348957,43.73531794740553,0.8439774026427036,0.15364583333333334,0.0,0.005233909469097853,0.0
PINN_P_lambda10,PINN_P,10.0,0.0,20260809,3,4,19,8,6,72,,18,218,0.883610725402832,50.078564181152665,47.08590395334392,39.237036810980904,0.819155730319506,-21.423884921603733,47.08590395334392,0.819155730319506,0.11371527777777778,0.0,0.004843855742365122,0.0
PINN_P_lambda10,PINN_P,10.0,0.0,20260810,3,4,19,8,6,72,,345,545,2.118257522583008,44.72766719591344,30.059700920270757,24.546239640977646,0.9262957998128615,0.10540390014648438,30.059700920270757,0.9262957998128615,0.009548611111111112,0.7916666666666666,9.932346438290551e-05,0.060755591839551926
PINN_P_PET_lambda1,PINN_P_PET,1.0,1.0,20260806,3,4,19,8,6,72,,24,224,0.8848199844360352,48.702181610873296,43.020867523538755,34.81914308336046,0.8490332677004111,-19.43681377834744,43.020867523538755,0.8490332677004111,0.10069444444444445,0.0,0.0031985335517674685,0.0
PINN_P_PET_lambda1,PINN_P_PET,1.0,1.0,20260807,3,4,19,8,6,72,,15,215,0.8008499145507812,45.41645923840558,42.20232589990857,34.60495842827691,0.8547233886723233,-12.702113681369358,42.20232589990857,0.8547233886723233,0.0685763888888889,0.0,0.002078049350529909,0.0
PINN_P_PET_lambda1,PINN_P_PET,1.0,1.0,20260808,3,4,19,8,6,72,,19,219,0.8342313766479492,44.799985817901245,47.50375913863294,38.75987413194444,0.8159317498541769,-26.720208909776474,47.50375913863294,0.8159317498541769,0.1684027777777778,0.0,0.007598749361932278,0.0
PINN_P_PET_lambda1,PINN_P_PET,1.0,1.0,20260809,3,4,19,8,6,72,,18,218,0.8658764362335205,50.56371275090649,50.09719161373351,41.531167348225914,0.7952849893425448,-24.521693335639107,50.09719161373351,0.7952849893425448,0.1328125,0.0,0.0065217274241149426,0.0
PINN_P_PET_lambda1,PINN_P_PET,1.0,1.0,20260810,3,4,19,8,6,72,,18,218,0.8627152442932129,49.34124395273908,39.1209705662101,32.91549216376411,0.8751633318772485,-18.159984588623047,39.1209705662101,0.8751633318772485,0.044270833333333336,0.0,0.0007188185700215399,0.0
PINN_P_PET_lambda10,PINN_P_PET,10.0,10.0,20260806,3,4,19,8,6,72,,25,225,0.8578672409057617,48.41903305982829,41.08893119352666,33.40852525499132,0.8622877365978492,-19.734303792317707,41.08893119352666,0.8622877365978492,0.0798611111111111,0.0,0.0021734172478318214,0.0
PINN_P_PET_lambda10,PINN_P_PET,10.0,10.0,20260807,3,4,19,8,6,72,,15,215,0.6836764812469482,45.14799384464667,41.23517590509349,33.93918948703342,0.8613056944522289,-11.655748155381945,41.23517590509349,0.8613056944522289,0.06684027777777778,0.0,0.0018799544777721167,0.0
PINN_P_PET_lambda10,PINN_P_PET,10.0,10.0,20260808,3,4,19,8,6,72,,19,219,0.706341028213501,44.245001198823246,44.02028940713221,36.15786616007487,0.8419375482382527,-22.94405068291558,44.02028940713221,0.8419375482382527,0.1519097222222222,0.0,0.005170150194317102,0.0
PINN_P_PET_lambda10,PINN_P_PET,10.0,10.0,20260809,3,4,19,8,6,72,,18,218,0.7431485652923584,50.07920692185027,47.09662416123141,39.24781756930881,0.8190733740855884,-21.445593516031902,47.09662416123141,0.8190733740855884,0.11371527777777778,0.0,0.004838504828512669,0.0
PINN_P_PET_lambda10,PINN_P_PET,10.0,10.0,20260810,3,4,19,8,6,72,,18,218,0.7604765892028809,49.092597617016175,38.10187835764165,32.05690129597982,0.8815825514046709,-16.219199710422092,38.10187835764165,0.8815825514046709,0.03993055555555555,0.0,0.0005738616455346346,0.0
Mean,Mean,0.0,0.0,-1,4,0,19,6,8,96,,0,0,0.0,,131.8113959221899,115.82901191711426,-0.4683241641550897,74.44152641296387,136.1771973959639,-0.5601702849105326,,,,
Ridge,Ridge,0.0,0.0,-1,4,0,19,6,8,96,0.0,0,0,0.0,41.86310080917009,71.05374885966435,56.725151697794594,0.5733320506312736,-55.35220527648926,59.950234455325464,0.6976256205999302,0.0,1.0,,
MLP,MLP,0.0,0.0,20260806,4,0,19,6,8,96,,282,482,1.0393157005310059,38.44657588157545,64.2884441183436,51.1271645228068,0.6507134537868228,-46.96326096852621,52.65078089755657,0.7667762081722396,0.011067708333333334,0.78125,0.00012069731019437313,0.03781193867325783
MLP,MLP,0.0,0.0,20260807,4,0,19,6,8,96,,267,467,1.000580072402954,38.145798232173206,60.26142344018206,48.667328198750816,0.6931014763659525,-46.29645188649496,49.76151785362481,0.7916706512693497,0.0006510416666666666,0.78125,5.131090006216255e-07,0.05419393256306648
MLP,MLP,0.0,0.0,20260808,4,0,19,6,8,96,,229,429,0.8036549091339111,40.83026922660184,57.22481178088835,44.99317010243734,0.7232518202421381,-41.38691488901774,47.543331085829074,0.8098298136128914,0.0026041666666666665,0.8645833333333334,3.992934580310248e-05,0.03767361864447594
MLP,MLP,0.0,0.0,20260809,4,0,19,6,8,96,,221,421,0.7843859195709229,40.45793862268448,61.73786653727126,48.76037184397379,0.6778788340094649,-46.513564109802246,50.82317312852099,0.782686467512036,0.00390625,0.59375,2.4110324375214987e-05,0.013470754027366638
MLP,MLP,0.0,0.0,20260810,4,0,19,6,8,96,,220,420,0.9188380241394043,41.52206831418161,61.467496886373276,49.82895310719808,0.680693997241503,-47.075621604919434,50.384447023667754,0.7864221495767334,0.0,0.9479166666666666,0.0,0.05996162071824074
PINN_P_lambda10,PINN_P,10.0,0.0,20260806,4,0,19,6,8,96,,279,479,1.8400797843933105,38.55225873953955,64.03082194477243,50.78244654337565,0.6535072269055255,-46.829314549764,52.40167251876431,0.7689779061981792,0.008463541666666666,0.7708333333333334,0.0001002322169370018,0.044078364968299866
PINN_P_lambda10,PINN_P,10.0,0.0,20260807,4,0,19,6,8,96,,269,469,1.809748649597168,38.258759605931466,60.60196255520977,48.902329444885254,0.6896230902634372,-46.57071272532145,49.995184668882374,0.7897095395152802,0.0,0.78125,0.0,0.05432701110839844
PINN_P_lambda10,PINN_P,10.0,0.0,20260808,4,0,19,6,8,96,,238,438,1.6501903533935547,40.76632021901222,57.55703658212134,45.31384881337484,0.7200291097605809,-41.62671438852946,47.894015131689756,0.8070140409954837,0.0032552083333333335,0.8020833333333334,5.788622729596682e-05,0.03758196905255318
PINN_P_lambda10,PINN_P,10.0,0.0,20260809,4,0,19,6,8,96,,220,420,1.569939374923706,40.43671297853766,62.761818998506996,49.67007382710775,0.6671051539095837,-47.68568992614746,51.795732188282166,0.7742898072873425,0.0032552083333333335,0.53125,3.2158852263819426e-05,0.01064552366733551
PINN_P_lambda10,PINN_P,10.0,0.0,20260810,4,0,19,6,8,96,,218,418,1.5688762664794922,41.85216499373987,61.843238624846265,50.079965591430664,0.6767783247875783,-47.45202509562174,50.722657881968416,0.7835451987442155,0.0,0.9583333333333334,0.0,0.06181681528687477
PINN_P_PET_lambda1,PINN_P_PET,1.0,1.0,20260806,4,0,19,6,8,96,,304,504,1.9131214618682861,38.91626816942909,65.15870981834408,51.72499148050944,0.6411929396873527,-46.70526695251465,53.05046105290147,0.763221893340166,0.01953125,0.07291666666666667,0.0003144798392895609,0.00038386756204999983
PINN_P_PET_lambda1,PINN_P_PET,1.0,1.0,20260807,4,0,19,6,8,96,,282,482,1.4297459125518799,39.21417255520277,61.10563585450838,49.09376335144043,0.6844424593969299,-46.41053326924642,50.11669177729747,0.7886861275136403,0.007161458333333333,0.16666666666666666,5.76130514673423e-05,0.0019971642177551985
PINN_P_PET_lambda1,PINN_P_PET,1.0,1.0,20260808,4,0,19,6,8,96,,253,453,1.6158251762390137,42.44198322899889,58.6707200198956,45.915093104044594,0.7090898573421764,-41.464409510294594,48.43573586535923,0.8026236912969665,0.005859375,0.0,0.00012927401985507458,0.0
PINN_P_PET_lambda1,PINN_P_PET,1.0,1.0,20260809,4,0,19,6,8,96,,235,435,1.5603969097137451,41.7037224112294,63.74298273657258,50.10166962941488,0.656615418670448,-47.707210858662926,52.120801414034666,0.7714478095592671,0.012369791666666666,0.0,0.00015215137682389468,0.0
PINN_P_PET_lambda1,PINN_P_PET,1.0,1.0,20260810,4,0,19,6,8,96,,253,453,1.8245649337768555,44.23895271400215,63.324814825031325,51.160332361857094,0.6611059965588271,-47.844154357910156,51.39865264842342,0.7777372479087815,0.0013020833333333333,0.0625,1.0377831358709955e-06,0.000387610518373549
PINN_P_PET_lambda10,PINN_P_PET,10.0,10.0,20260806,4,0,19,6,8,96,,353,553,2.228243112564087,38.10170556483455,66.58753226587386,52.5839262008667,0.6252843189567091,-47.73347250620524,54.04229571391216,0.7542854933847771,0.03125,0.0,0.0007175080827437341,0.0
PINN_P_PET_lambda10,PINN_P_PET,10.0,10.0,20260807,4,0,19,6,8,96,,287,487,1.8800816535949707,39.51102932461796,61.702738004439546,49.497199376424156,0.678245300339378,-46.87758700052897,50.55832094792566,0.784945515509558,0.013020833333333334,0.010416666666666666,0.00012924605107400566,8.86648558662273e-05
PINN_P_PET_lambda10,PINN_P_PET,10.0,10.0,20260808,4,0,19,6,8,96,,276,476,1.9361519813537598,41.95938903606475,61.0778697881585,47.756587982177734,0.684729169479626,-43.7735652923584,50.5426150075629,0.7850791080899313,0.008463541666666666,0.0,0.00019112946756649762,0.0
PINN_P_PET_lambda10,PINN_P_PET,10.0,10.0,20260809,4,0,19,6,8,96,,241,441,1.7753899097442627,42.2197335059374,65.93435855909763,51.8378636042277,0.6325996223917345,-49.75621382395426,53.92659164916799,0.7553365121263698,0.016276041666666668,0.0,0.00021270527213346213,0.0
PINN_P_PET_lambda10,PINN_P_PET,10.0,10.0,20260810,4,0,19,6,8,96,,260,460,1.7986443042755127,45.02999806484108,64.48619319886066,52.00978914896647,0.6485613617748518,-48.847621281941734,52.30505351595412,0.7698290449211873,0.0032552083333333335,0.0,1.3479512745107058e-05,0.0
